"","CountryName","Year","water_score","sanitation_score","child_mortality"
"1","Afghanistan","10",50.05,33.56,16.65
"2","Afghanistan","11",52.62,34.67,15.39
"3","Afghanistan","12",55.2,35.79,14.65
"4","Afghanistan","13",57.79,36.93,14.42
"5","Afghanistan","14",60.38,38.07,14.64
"6","Afghanistan","15",62.98,39.22,15.13
"7","Afghanistan","16",62.98,39.22,15.7
"8","Afghanistan","17",62.98,39.22,16.14
"9","Afghanistan","18",62.98,39.22,16.14
"10","Albania","10",88.09,95.57,1.72
"11","Albania","11",88.11,96.18,1.7
"12","Albania","12",88.24,96.78,1.71
"13","Albania","13",89.84,97.31,1.73
"14","Albania","14",91.37,97.68,1.73
"15","Albania","15",91.39,97.69,1.72
"16","Albania","16",91.39,97.69,1.68
"17","Albania","17",91.39,97.69,1.64
"18","Albania","18",91.39,97.69,1.64
"19","Algeria","10",92.39,86.56,4.95
"20","Algeria","11",92.61,86.77,4.73
"21","Algeria","12",92.83,86.97,4.54
"22","Algeria","13",93.05,87.15,4.39
"23","Algeria","14",93.26,87.33,4.26
"24","Algeria","15",93.47,87.49,4.14
"25","Algeria","16",93.47,87.49,4.02
"26","Algeria","17",93.47,87.49,3.9
"27","Algeria","18",93.47,87.49,3.9
"28","American Samoa","10",99.11,62.3,6.59
"29","American Samoa","11",99.17,62.27,1.02
"30","American Samoa","12",99.23,62.23,6.28
"31","American Samoa","13",99.23,62.23,1.02
"32","American Samoa","14",99.23,62.23,1.02
"33","American Samoa","15",99.23,62.23,6.59
"34","American Samoa","16",99.23,62.23,6.59
"35","American Samoa","17",99.23,62.23,6.43
"36","American Samoa","18",99.23,62.23,1.02
"37","Andorra","10",100,100,0.5
"38","Andorra","11",100,100,0.56
"39","Andorra","12",100,100,0.5
"40","Andorra","13",100,100,0.71
"41","Andorra","14",100,100,0.65
"42","Andorra","15",100,100,0.71
"43","Andorra","16",100,100,0.5
"44","Andorra","17",100,100,0.5
"45","Andorra","18",100,100,0.5
"46","Angola","10",40.06,33.06,44.93
"47","Angola","11",40.26,34.34,41.94
"48","Angola","12",40.46,35.61,39.46
"49","Angola","13",40.65,36.89,37.46
"50","Angola","14",40.83,38.16,35.88
"51","Angola","15",41.01,39.43,34.67
"52","Angola","16",41.01,39.43,33.71
"53","Angola","17",41.01,39.43,32.9
"54","Angola","18",41.01,39.43,32.9
"55","Anguilla","10",96.94,95.26,3.6
"56","Anguilla","11",97.37,95.81,4.12
"57","Anguilla","12",97.79,96.36,1.62
"58","Anguilla","13",98.22,96.92,2.53
"59","Anguilla","14",98.22,96.92,0.8
"60","Anguilla","15",98.22,96.92,1.36
"61","Anguilla","16",98.22,96.92,1.38
"62","Anguilla","17",98.22,96.92,2.39
"63","Anguilla","18",98.22,96.92,1.38
"64","Antigua and Barbuda","10",97.09,86.33,2.33
"65","Antigua and Barbuda","11",96.97,86.72,2.3
"66","Antigua and Barbuda","12",96.86,87.11,2.26
"67","Antigua and Barbuda","13",96.74,87.5,2.22
"68","Antigua and Barbuda","14",96.74,87.5,2.17
"69","Antigua and Barbuda","15",96.74,87.5,2.11
"70","Antigua and Barbuda","16",96.74,87.5,2.05
"71","Antigua and Barbuda","17",96.74,87.5,1.99
"72","Antigua and Barbuda","18",96.74,87.5,1.99
"73","Argentina","10",99.44,94.87,2.42
"74","Argentina","11",99.48,94.85,2.39
"75","Argentina","12",99.51,94.83,2.34
"76","Argentina","13",99.51,94.83,2.3
"77","Argentina","14",99.63,94.84,2.24
"78","Argentina","15",99.63,94.84,2.19
"79","Argentina","16",99.63,94.84,2.13
"80","Argentina","17",99.63,94.84,2.08
"81","Argentina","18",99.63,94.84,2.08
"82","Armenia","10",97.64,91.21,2.87
"83","Armenia","11",97.77,91.28,2.9
"84","Armenia","12",97.72,91.35,2.92
"85","Armenia","13",97.67,91.42,2.92
"86","Armenia","14",98.46,91.5,2.9
"87","Armenia","15",98.92,91.58,2.84
"88","Armenia","16",98.92,91.58,2.77
"89","Armenia","17",98.92,91.58,2.69
"90","Armenia","18",98.92,91.58,2.69
"91","Aruba","10",97.31,97.67,2.53
"92","Aruba","11",97.59,97.61,2.48
"93","Aruba","12",97.87,97.54,2.44
"94","Aruba","13",97.87,97.54,2.41
"95","Aruba","14",97.87,97.54,2.39
"96","Aruba","15",97.87,97.54,2.37
"97","Aruba","16",97.87,97.54,2.36
"98","Aruba","17",97.87,97.54,2.34
"99","Aruba","18",97.87,97.54,2.34
"100","Australia","10",99.89,100,0.76
"101","Australia","11",99.91,100,0.74
"102","Australia","12",99.93,100,0.72
"103","Australia","13",99.95,100,0.7
"104","Australia","14",99.96,100,0.68
"105","Australia","15",99.97,100,0.66
"106","Australia","16",99.97,100,0.65
"107","Australia","17",99.97,100,0.63
"108","Australia","18",99.97,100,0.63
"109","Austria","10",100,99.98,0.73
"110","Austria","11",100,99.98,0.69
"111","Austria","12",100,99.98,0.66
"112","Austria","13",100,99.98,0.62
"113","Austria","14",100,99.98,0.59
"114","Austria","15",100,99.97,0.56
"115","Austria","16",100,99.97,0.52
"116","Austria","17",100,99.97,0.5
"117","Austria","18",100,99.97,0.5
"118","Azerbaijan","10",81.78,81.59,5.76
"119","Azerbaijan","11",82.3,83.17,5.24
"120","Azerbaijan","12",82.82,84.74,4.83
"121","Azerbaijan","13",83.34,86.3,4.53
"122","Azerbaijan","14",83.86,87.86,4.32
"123","Azerbaijan","15",84.38,89.35,4.2
"124","Azerbaijan","16",84.38,89.35,4.13
"125","Azerbaijan","17",84.38,89.35,4.09
"126","Azerbaijan","18",84.38,89.35,4.09
"127","Bahamas","10",97.89,91.44,4.57
"128","Bahamas","11",97.84,91.73,4.44
"129","Bahamas","12",97.79,92.01,4.33
"130","Bahamas","13",97.79,92.01,4.22
"131","Bahamas","14",97.79,92.01,4.13
"132","Bahamas","15",97.79,92.01,4.04
"133","Bahamas","16",97.79,92.01,3.96
"134","Bahamas","17",97.79,92.01,3.88
"135","Bahamas","18",97.79,92.01,3.88
"136","Bahrain","10",100,100,2.21
"137","Bahrain","11",100,100,2.1
"138","Bahrain","12",100,100,2
"139","Bahrain","13",100,100,1.9
"140","Bahrain","14",100,100,1.83
"141","Bahrain","15",100,100,1.77
"142","Bahrain","16",100,100,1.72
"143","Bahrain","17",100,100,1.68
"144","Bahrain","18",100,100,1.68
"145","Bangladesh","10",96.5,39.93,10.13
"146","Bangladesh","11",96.67,41.35,9.3
"147","Bangladesh","12",96.84,42.76,8.6
"148","Bangladesh","13",97.01,44.16,8.02
"149","Bangladesh","14",97.17,45.55,7.56
"150","Bangladesh","15",97.33,46.92,7.19
"151","Bangladesh","16",97.33,46.92,6.89
"152","Bangladesh","17",97.33,46.92,6.65
"153","Bangladesh","18",97.33,46.92,6.65
"154","Barbados","10",98.25,94,1.55
"155","Barbados","11",98.22,94.61,1.5
"156","Barbados","12",98.19,95.23,1.45
"157","Barbados","13",98.16,95.84,1.42
"158","Barbados","14",98.13,96.46,1.4
"159","Barbados","15",98.13,96.46,1.39
"160","Barbados","16",98.13,96.46,1.38
"161","Barbados","17",98.13,96.46,1.36
"162","Barbados","18",98.13,96.46,1.36
"163","Belarus","10",97.95,94.5,1.44
"164","Belarus","11",97.96,94.45,1.31
"165","Belarus","12",97.97,94.4,1.19
"166","Belarus","13",97.98,94.35,1.1
"167","Belarus","14",97.99,94.3,1.03
"168","Belarus","15",98.01,94.25,0.98
"169","Belarus","16",98.01,94.25,0.95
"170","Belarus","17",98.01,94.25,0.92
"171","Belarus","18",98.01,94.25,0.92
"172","Belgium","10",100,99.49,0.84
"173","Belgium","11",100,99.49,0.82
"174","Belgium","12",100,99.49,0.8
"175","Belgium","13",100,99.49,0.78
"176","Belgium","14",100,99.49,0.75
"177","Belgium","15",100,99.49,0.73
"178","Belgium","16",100,99.49,0.71
"179","Belgium","17",100,99.49,0.68
"180","Belgium","18",100,99.49,0.68
"181","Belize","10",93.92,85.6,2.64
"182","Belize","11",94.56,85.91,2.52
"183","Belize","12",95.2,86.22,2.4
"184","Belize","13",95.85,86.53,2.29
"185","Belize","14",96.5,86.84,2.19
"186","Belize","15",97.13,87.16,2.1
"187","Belize","16",97.13,87.16,2.03
"188","Belize","17",97.13,87.16,1.95
"189","Belize","18",97.13,87.16,1.95
"190","Benin","10",64.76,12.54,43.45
"191","Benin","11",65.22,12.81,42.28
"192","Benin","12",65.67,13.09,41.23
"193","Benin","13",66.12,13.37,40.27
"194","Benin","14",66.57,13.65,39.39
"195","Benin","15",67.02,13.93,38.58
"196","Benin","16",67.02,13.93,37.81
"197","Benin","17",67.02,13.93,37.09
"198","Benin","18",67.02,13.93,37.09
"199","Bermuda","10",99.92,99.92,1.02
"200","Bermuda","11",99.91,99.91,0.61
"201","Bermuda","12",99.9,99.9,0.58
"202","Bermuda","13",99.9,99.9,0.54
"203","Bermuda","14",99.9,99.9,0.54
"204","Bermuda","15",99.9,99.9,0.58
"205","Bermuda","16",99.9,99.9,0.58
"206","Bermuda","17",99.9,99.9,0.54
"207","Bermuda","18",99.9,99.9,0.54
"208","Bhutan","10",93.62,60,8.56
"209","Bhutan","11",94.71,60.61,7.9
"210","Bhutan","12",95.78,61.2,7.32
"211","Bhutan","13",96.82,61.77,6.84
"212","Bhutan","14",97.56,62.33,6.45
"213","Bhutan","15",97.56,62.87,6.14
"214","Bhutan","16",97.56,62.87,5.88
"215","Bhutan","17",97.56,62.87,5.67
"216","Bhutan","18",97.56,62.87,5.67
"217","Bolivia","10",88.56,47.81,33.17
"218","Bolivia","11",89.45,48.77,32.09
"219","Bolivia","12",90.33,49.73,31.04
"220","Bolivia","13",91.19,50.69,29.98
"221","Bolivia","14",92.04,51.65,28.93
"222","Bolivia","15",92.88,52.61,27.86
"223","Bolivia","16",92.88,52.61,26.78
"224","Bolivia","17",92.88,52.61,25.7
"225","Bolivia","18",92.88,52.61,25.7
"226","Bosnia Herzegovina","10",97.28,94.79,1.5
"227","Bosnia Herzegovina","11",97.39,94.79,1.45
"228","Bosnia Herzegovina","12",97.5,94.78,1.41
"229","Bosnia Herzegovina","13",97.56,94.77,1.36
"230","Bosnia Herzegovina","14",97.66,94.77,1.31
"231","Bosnia Herzegovina","15",97.66,94.78,1.27
"232","Bosnia Herzegovina","16",97.66,94.78,1.22
"233","Bosnia Herzegovina","17",97.66,94.78,1.18
"234","Bosnia Herzegovina","18",97.66,94.78,1.18
"235","Botswana","10",78.56,58.58,12.28
"236","Botswana","11",78.7,58.98,11.09
"237","Botswana","12",78.84,59.38,10.07
"238","Botswana","13",78.99,59.78,9.16
"239","Botswana","14",79.08,59.86,8.37
"240","Botswana","15",79.17,59.96,7.68
"241","Botswana","16",79.17,59.96,7.09
"242","Botswana","17",79.17,59.96,6.59
"243","Botswana","18",79.17,59.96,6.59
"244","Brazil","10",96.26,82.04,3.33
"245","Brazil","11",96.48,82.88,3.04
"246","Brazil","12",96.7,83.71,2.8
"247","Brazil","13",96.91,84.53,2.61
"248","Brazil","14",97.23,85.34,2.46
"249","Brazil","15",97.5,86.15,2.36
"250","Brazil","16",97.5,86.15,2.28
"251","Brazil","17",97.5,86.15,2.23
"252","Brazil","18",97.5,86.15,2.23
"253","British Virgin Islands","10",99.1,96.85,4.99
"254","British Virgin Islands","11",99.48,96.85,2.74
"255","British Virgin Islands","12",99.86,96.86,1.17
"256","British Virgin Islands","13",99.86,96.86,1.08
"257","British Virgin Islands","14",99.86,96.86,1.22
"258","British Virgin Islands","15",99.86,96.86,1.05
"259","British Virgin Islands","16",99.86,96.86,1.17
"260","British Virgin Islands","17",99.86,96.86,1.22
"261","British Virgin Islands","18",99.86,96.86,1.12
"262","Brunei Darussalam","10",99.5,96.35,1.28
"263","Brunei Darussalam","11",99.51,96.35,1.27
"264","Brunei Darussalam","12",99.51,96.34,1.27
"265","Brunei Darussalam","13",99.51,96.34,1.26
"266","Brunei Darussalam","14",99.51,96.33,1.24
"267","Brunei Darussalam","15",99.51,96.33,1.22
"268","Brunei Darussalam","16",99.51,96.33,1.19
"269","Brunei Darussalam","17",99.51,96.33,1.15
"270","Brunei Darussalam","18",99.51,96.33,1.15
"271","Bulgaria","10",99.43,85.93,1.76
"272","Bulgaria","11",99.39,85.94,1.69
"273","Bulgaria","12",99.34,85.95,1.63
"274","Bulgaria","13",99.3,85.96,1.57
"275","Bulgaria","14",99.25,85.97,1.53
"276","Bulgaria","15",99.26,85.98,1.49
"277","Bulgaria","16",99.26,85.98,1.45
"278","Bulgaria","17",99.26,85.98,1.42
"279","Bulgaria","18",99.26,85.98,1.42
"280","Burkina Faso","10",51.29,18.12,48.31
"281","Burkina Faso","11",51.8,19.02,43.63
"282","Burkina Faso","12",52.31,19.91,39.74
"283","Burkina Faso","13",52.83,20.79,36.65
"284","Burkina Faso","14",53.34,21.67,34.33
"285","Burkina Faso","15",53.86,22.53,32.69
"286","Burkina Faso","16",53.86,22.53,31.58
"287","Burkina Faso","17",53.86,22.53,30.77
"288","Burkina Faso","18",53.86,22.53,30.77
"289","Burundi","10",54.79,47.88,52.52
"290","Burundi","11",55.04,48.53,51.13
"291","Burundi","12",55.3,49.18,49.77
"292","Burundi","13",55.56,49.82,48.47
"293","Burundi","14",55.83,50.48,47.22
"294","Burundi","15",55.93,50.46,46.03
"295","Burundi","16",55.93,50.46,44.88
"296","Burundi","17",55.93,50.46,43.76
"297","Burundi","18",55.93,50.46,43.76
"298","Cambodia","10",67.4,36.52,6.51
"299","Cambodia","11",68.91,38.97,5.79
"300","Cambodia","12",70.42,41.42,5.24
"301","Cambodia","13",71.93,43.88,4.83
"302","Cambodia","14",73.45,46.35,4.51
"303","Cambodia","15",74.97,48.83,4.25
"304","Cambodia","16",74.97,48.83,4.03
"305","Cambodia","17",74.97,48.83,3.84
"306","Cambodia","18",74.97,48.83,3.84
"307","Cameroon","10",62.08,39.04,43.3
"308","Cameroon","11",62.73,38.99,41.78
"309","Cameroon","12",63.37,38.95,40.27
"310","Cameroon","13",64.01,38.91,38.77
"311","Cameroon","14",64.65,38.87,37.28
"312","Cameroon","15",65.28,38.83,35.8
"313","Cameroon","16",65.28,38.83,34.36
"314","Cameroon","17",65.28,38.83,32.99
"315","Cameroon","18",65.28,38.83,32.99
"316","Canada","10",99.4,98.5,0.68
"317","Canada","11",99.3,98.5,0.68
"318","Canada","12",99.2,98.5,0.69
"319","Canada","13",99.1,98.5,0.72
"320","Canada","14",99,98.5,0.76
"321","Canada","15",98.9,98.5,0.82
"322","Canada","16",98.9,98.5,0.87
"323","Canada","17",98.9,98.5,0.91
"324","Canada","18",98.9,98.5,0.91
"325","Cape Verde","10",83.51,58.68,4.36
"326","Cape Verde","11",84.26,60.75,4.31
"327","Cape Verde","12",85.01,62.81,4.23
"328","Cape Verde","13",85.62,64.41,4.13
"329","Cape Verde","14",85.83,64.82,4.01
"330","Cape Verde","15",86.46,65.21,3.88
"331","Cape Verde","16",86.46,65.21,3.74
"332","Cape Verde","17",86.46,65.21,3.6
"333","Cape Verde","18",86.46,65.21,3.6
"334","Caribbean Netherlands","10",71.93,48.77,4.51
"335","Caribbean Netherlands","11",98.97,97.31,4.2
"336","Caribbean Netherlands","12",93.35,97.69,4.17
"337","Caribbean Netherlands","13",58.93,21.67,42.28
"338","Caribbean Netherlands","14",97.89,95.12,0.98
"339","Caribbean Netherlands","15",78.24,40.93,21.6
"340","Caribbean Netherlands","16",36.59,18.66,56.84
"341","Caribbean Netherlands","17",31.54,9.55,22.59
"342","Caribbean Netherlands","18",99.85,97.39,0.9
"343","Cayman Islands","10",96.13,95.55,2.38
"344","Cayman Islands","11",96.13,95.55,0.57
"345","Cayman Islands","12",96.13,95.55,0.57
"346","Cayman Islands","13",96.13,95.55,2.38
"347","Cayman Islands","14",96.13,95.55,2.9
"348","Cayman Islands","15",96.13,95.55,1.31
"349","Cayman Islands","16",96.13,95.55,0.57
"350","Cayman Islands","17",96.13,95.55,1
"351","Cayman Islands","18",96.13,95.55,0.57
"352","Central African Republic","10",53.54,23.04,68.81
"353","Central African Republic","11",53.71,23.9,66.41
"354","Central African Republic","12",53.88,24.78,63.97
"355","Central African Republic","13",53.96,24.87,61.58
"356","Central African Republic","14",54.05,24.98,59.28
"357","Central African Republic","15",54.14,25.09,57.12
"358","Central African Republic","16",54.14,25.09,55.12
"359","Central African Republic","17",54.14,25.09,53.27
"360","Central African Republic","18",54.14,25.09,53.27
"361","Chad","10",41.26,9.59,68.12
"362","Chad","11",41.5,9.57,65.57
"363","Chad","12",41.74,9.55,63.18
"364","Chad","13",42,9.55,61.06
"365","Chad","14",42.27,9.54,59.25
"366","Chad","15",42.54,9.55,57.77
"367","Chad","16",42.54,9.55,56.55
"368","Chad","17",42.54,9.55,55.46
"369","Chad","18",42.54,9.55,55.46
"370","Channel Islands","10",94.15,98.5,1
"371","Channel Islands","11",94.15,98.5,2.9
"372","Channel Islands","12",94.15,98.5,1
"373","Channel Islands","13",94.15,98.5,1.31
"374","Channel Islands","14",94.15,98.5,2.9
"375","Channel Islands","15",94.15,98.5,2.38
"376","Channel Islands","16",94.15,98.5,2.38
"377","Channel Islands","17",94.15,98.5,2.9
"378","Channel Islands","18",94.15,98.5,2.38
"379","Chile","10",99.02,97.75,1.6
"380","Chile","11",99.34,98.28,1.55
"381","Chile","12",99.65,98.81,1.5
"382","Chile","13",99.93,99.23,1.45
"383","Chile","14",100,99.76,1.41
"384","Chile","15",100,99.89,1.37
"385","Chile","16",100,99.89,1.33
"386","Chile","17",100,99.89,1.29
"387","Chile","18",100,99.89,1.29
"388","China","10",90.85,70.14,2.24
"389","China","11",91.97,71.14,2.07
"390","China","12",93.03,72.13,1.94
"391","China","13",94.02,73.11,1.84
"392","China","14",94.95,74.08,1.77
"393","China","15",95.82,75.04,1.72
"394","China","16",95.82,75.04,1.68
"395","China","17",95.82,75.04,1.65
"396","China","18",95.82,75.04,1.65
"397","Colombia","10",94.59,81.75,7.66
"398","Colombia","11",95.01,82.3,7.55
"399","Colombia","12",95.43,82.85,7.43
"400","Colombia","13",95.84,83.39,7.3
"401","Colombia","14",96.23,83.92,7.14
"402","Colombia","15",96.52,84.44,6.98
"403","Colombia","16",96.52,84.44,6.8
"404","Colombia","17",96.52,84.44,6.61
"405","Colombia","18",96.52,84.44,6.61
"406","Comoros","10",84.44,32.02,23.64
"407","Comoros","11",84.25,32.54,22.59
"408","Comoros","12",84.06,33.08,21.6
"409","Comoros","13",83.87,33.61,20.7
"410","Comoros","14",83.69,34.15,19.9
"411","Comoros","15",83.7,34.17,19.21
"412","Comoros","16",83.7,34.17,18.61
"413","Comoros","17",83.7,34.17,18.05
"414","Comoros","18",83.7,34.17,18.05
"415","Congo","10",64.22,14.25,26.76
"416","Congo","11",65.07,14.43,24.51
"417","Congo","12",65.91,14.6,22.58
"418","Congo","13",66.73,14.77,20.9
"419","Congo","14",67.54,14.95,19.45
"420","Congo","15",68.34,15.01,18.23
"421","Congo","16",68.34,15.01,17.2
"422","Congo","17",68.34,15.01,16.34
"423","Congo","18",68.34,15.01,16.34
"424","Congo, Democratic Republic","10",39.34,20.55,49.54
"425","Congo, Democratic Republic","11",39.84,20.38,47.65
"426","Congo, Democratic Republic","12",40.34,20.21,45.93
"427","Congo, Democratic Republic","13",40.84,20.04,44.33
"428","Congo, Democratic Republic","14",41.34,19.88,42.82
"429","Congo, Democratic Republic","15",41.84,19.71,41.37
"430","Congo, Democratic Republic","16",41.84,19.71,39.96
"431","Congo, Democratic Republic","17",41.84,19.71,38.59
"432","Congo, Democratic Republic","18",41.84,19.71,38.59
"433","Cook Islands","10",99.88,96.35,1.24
"434","Cook Islands","11",99.88,96.78,1.12
"435","Cook Islands","12",99.88,97.2,1.07
"436","Cook Islands","13",99.88,97.63,1.03
"437","Cook Islands","14",99.88,97.63,1.03
"438","Cook Islands","15",99.88,97.63,2.7
"439","Cook Islands","16",99.88,97.63,2.7
"440","Cook Islands","17",99.88,97.63,2.7
"441","Cook Islands","18",99.88,97.63,2.44
"442","Costa Rica","10",98.37,96.32,2.09
"443","Costa Rica","11",98.7,96.5,2.07
"444","Costa Rica","12",99.01,96.67,2.11
"445","Costa Rica","13",99.3,96.84,2.18
"446","Costa Rica","14",99.56,97,2.3
"447","Costa Rica","15",99.7,97.15,2.44
"448","Costa Rica","16",99.7,97.15,2.58
"449","Costa Rica","17",99.7,97.15,2.7
"450","Costa Rica","18",99.7,97.15,2.7
"451","Cote d'Ivoire","10",72.58,27.37,34.95
"452","Cote d'Ivoire","11",72.68,27.89,33.48
"453","Cote d'Ivoire","12",72.78,28.4,32.01
"454","Cote d'Ivoire","13",72.87,28.92,30.59
"455","Cote d'Ivoire","14",72.97,29.43,29.24
"456","Cote d'Ivoire","15",73.06,29.93,28.01
"457","Cote d'Ivoire","16",73.06,29.93,26.89
"458","Cote d'Ivoire","17",73.06,29.93,25.89
"459","Cote d'Ivoire","18",73.06,29.93,25.89
"460","Croatia","10",99.29,97.35,1.07
"461","Croatia","11",99.37,97.37,1.06
"462","Croatia","12",99.44,97.39,1.04
"463","Croatia","13",99.51,97.42,1.03
"464","Croatia","14",99.59,97.44,1.01
"465","Croatia","15",99.59,97.47,0.98
"466","Croatia","16",99.59,97.47,0.96
"467","Croatia","17",99.59,97.47,0.93
"468","Croatia","18",99.59,97.47,0.93
"469","Cuba","10",94.51,90.31,1.44
"470","Cuba","11",94.64,90.41,1.43
"471","Cuba","12",94.78,90.52,1.41
"472","Cuba","13",94.91,90.62,1.39
"473","Cuba","14",95.04,90.72,1.36
"474","Cuba","15",95.18,90.82,1.33
"475","Cuba","16",95.18,90.82,1.29
"476","Cuba","17",95.18,90.82,1.26
"477","Cuba","18",95.18,90.82,1.26
"478","Curacao","10",99.37,98.82,2.18
"479","Curacao","11",99.37,98.82,2.09
"480","Curacao","12",99.37,98.82,2.01
"481","Curacao","13",99.37,98.82,1.94
"482","Curacao","14",99.37,98.82,1.87
"483","Curacao","15",99.37,98.82,1.82
"484","Curacao","16",99.37,98.82,1.78
"485","Curacao","17",99.37,98.82,1.74
"486","Curacao","18",99.37,98.82,1.74
"487","Cyprus","10",100,99.65,0.8
"488","Cyprus","11",100,99.59,0.79
"489","Cyprus","12",100,99.54,0.78
"490","Cyprus","13",100,99.48,0.77
"491","Cyprus","14",100,99.43,0.75
"492","Cyprus","15",100,99.37,0.73
"493","Cyprus","16",100,99.37,0.71
"494","Cyprus","17",100,99.37,0.69
"495","Cyprus","18",100,99.37,0.69
"496","Czech Republic","10",99.86,99.14,0.67
"497","Czech Republic","11",99.86,99.14,0.64
"498","Czech Republic","12",99.87,99.14,0.62
"499","Czech Republic","13",99.87,99.14,0.6
"500","Czech Republic","14",99.88,99.14,0.58
"501","Czech Republic","15",99.88,99.14,0.56
"502","Czech Republic","16",99.88,99.14,0.55
"503","Czech Republic","17",99.88,99.14,0.54
"504","Czech Republic","18",99.88,99.14,0.54
"505","Denmark","10",100,99.6,0.62
"506","Denmark","11",100,99.6,0.6
"507","Denmark","12",100,99.6,0.58
"508","Denmark","13",100,99.6,0.57
"509","Denmark","14",100,99.6,0.55
"510","Denmark","15",100,99.6,0.53
"511","Denmark","16",100,99.6,0.51
"512","Denmark","17",100,99.6,0.49
"513","Denmark","18",100,99.6,0.49
"514","Djibouti","10",76.3,51.21,32.96
"515","Djibouti","11",76.45,51.23,31.72
"516","Djibouti","12",76.6,51.27,30.59
"517","Djibouti","13",76.75,51.3,29.62
"518","Djibouti","14",76.9,51.34,28.82
"519","Djibouti","15",76.92,51.38,28.2
"520","Djibouti","16",76.92,51.38,27.71
"521","Djibouti","17",76.92,51.38,27.3
"522","Djibouti","18",76.92,51.38,27.3
"523","Dominica","10",96.23,76.63,6.74
"524","Dominica","11",96.5,77.89,6.34
"525","Dominica","12",96.5,77.89,3.03
"526","Dominica","13",96.5,77.89,3.19
"527","Dominica","14",96.5,77.89,3.23
"528","Dominica","15",96.5,77.89,6.34
"529","Dominica","16",96.5,77.89,8.48
"530","Dominica","17",96.5,77.89,3.03
"531","Dominica","18",96.5,77.89,6.34
"532","Dominican Republic","10",93.53,81.78,3.23
"533","Dominican Republic","11",93.73,81.99,3.19
"534","Dominican Republic","12",93.91,82.18,3.14
"535","Dominican Republic","13",94.08,82.37,3.08
"536","Dominican Republic","14",94.23,82.54,3.02
"537","Dominican Republic","15",94.48,82.7,2.96
"538","Dominican Republic","16",94.48,82.7,2.89
"539","Dominican Republic","17",94.48,82.7,2.82
"540","Dominican Republic","18",94.48,82.7,2.82
"541","East Timor","10",63.11,39.77,13.17
"542","East Timor","11",64.53,40.59,12.66
"543","East Timor","12",65.95,41.43,12.24
"544","East Timor","13",67.38,42.28,11.84
"545","East Timor","14",68.8,43.14,11.42
"546","East Timor","15",70.22,44.01,10.96
"547","East Timor","16",70.22,44.01,10.48
"548","East Timor","17",70.22,44.01,10
"549","East Timor","18",70.22,44.01,10
"550","Ecuador","10",89.46,81.2,4.85
"551","Ecuador","11",90.09,82.19,4.65
"552","Ecuador","12",90.72,83.19,4.49
"553","Ecuador","13",91.36,84.18,4.36
"554","Ecuador","14",91.99,85.16,4.25
"555","Ecuador","15",92.61,86.14,4.15
"556","Ecuador","16",92.61,86.14,4.05
"557","Ecuador","17",92.61,86.14,3.96
"558","Ecuador","18",92.61,86.14,3.96
"559","Egypt","10",98.32,92.93,5.93
"560","Egypt","11",98.32,92.97,5.67
"561","Egypt","12",98.33,93.02,5.43
"562","Egypt","13",98.34,93.07,5.21
"563","Egypt","14",98.35,93.12,5.01
"564","Egypt","15",98.36,93.17,4.81
"565","Egypt","16",98.36,93.17,4.63
"566","Egypt","17",98.36,93.17,4.47
"567","Egypt","18",98.36,93.17,4.47
"568","El Salvador","10",89.09,87.87,3.03
"569","El Salvador","11",89.96,88.54,2.91
"570","El Salvador","12",90.82,89.2,2.8
"571","El Salvador","13",91.66,89.85,2.7
"572","El Salvador","14",92.48,90.49,2.61
"573","El Salvador","15",93.01,91.13,2.54
"574","El Salvador","16",93.01,91.13,2.46
"575","El Salvador","17",93.01,91.13,2.39
"576","El Salvador","18",93.01,91.13,2.39
"577","Equatorial Guinea","10",49.2,75.79,45.58
"578","Equatorial Guinea","11",49.27,75.36,43.96
"579","Equatorial Guinea","12",49.35,74.93,42.39
"580","Equatorial Guinea","13",49.44,74.51,40.88
"581","Equatorial Guinea","14",49.51,74.52,39.43
"582","Equatorial Guinea","15",49.59,74.54,38.04
"583","Equatorial Guinea","16",49.59,74.54,36.7
"584","Equatorial Guinea","17",49.59,74.54,35.42
"585","Equatorial Guinea","18",49.59,74.54,35.42
"586","Eritrea","10",18.14,10.42,14.88
"587","Eritrea","11",18.32,10.7,14.09
"588","Eritrea","12",18.51,10.97,13.32
"589","Eritrea","13",18.76,11.06,12.6
"590","Eritrea","14",19.02,11.16,11.92
"591","Eritrea","15",19.29,11.26,11.29
"592","Eritrea","16",19.29,11.26,10.7
"593","Eritrea","17",19.29,11.26,10.14
"594","Eritrea","18",19.29,11.26,10.14
"595","Estonia","10",99.47,99.44,1.15
"596","Estonia","11",99.51,99.47,1.11
"597","Estonia","12",99.54,99.5,1.08
"598","Estonia","13",99.58,99.54,1.05
"599","Estonia","14",99.62,99.57,1.02
"600","Estonia","15",99.61,99.61,1
"601","Estonia","16",99.61,99.61,0.97
"602","Estonia","17",99.61,99.61,0.95
"603","Estonia","18",99.61,99.61,0.95
"604","Ethiopia","10",31.54,5.69,27.48
"605","Ethiopia","11",33.07,5.97,25.6
"606","Ethiopia","12",34.59,6.24,23.97
"607","Ethiopia","13",36.11,6.52,22.59
"608","Ethiopia","14",37.62,6.8,21.41
"609","Ethiopia","15",39.12,7.08,20.41
"610","Ethiopia","16",39.12,7.08,19.52
"611","Ethiopia","17",39.12,7.08,18.71
"612","Ethiopia","18",39.12,7.08,18.71
"613","Falkland Islands (Malvinas)","10",100,100,0.5
"614","Falkland Islands (Malvinas)","11",100,100,0.5
"615","Falkland Islands (Malvinas)","12",94.49,100,3.09
"616","Falkland Islands (Malvinas)","13",94.6,100,1.94
"617","Falkland Islands (Malvinas)","14",94.71,100,0.98
"618","Falkland Islands (Malvinas)","15",94.82,100,1.31
"619","Falkland Islands (Malvinas)","16",94.82,100,6
"620","Falkland Islands (Malvinas)","17",94.82,100,1.85
"621","Falkland Islands (Malvinas)","18",94.82,100,1.44
"622","Faroe Islands","10",100,90.88,3.47
"623","Faroe Islands","11",100,90.88,0.49
"624","Faroe Islands","12",100,90.88,6.13
"625","Faroe Islands","13",100,90.88,6.13
"626","Faroe Islands","14",100,90.88,1.24
"627","Faroe Islands","15",100,90.88,3.47
"628","Faroe Islands","16",100,90.88,6.13
"629","Faroe Islands","17",100,90.88,0.49
"630","Faroe Islands","18",100,90.88,1.24
"631","Federated States of Micronesia","10",89.05,56.24,8.13
"632","Federated States of Micronesia","11",88.7,56.24,7.98
"633","Federated States of Micronesia","12",88.34,56.24,7.83
"634","Federated States of Micronesia","13",88.34,56.25,7.68
"635","Federated States of Micronesia","14",88.35,56.27,7.53
"636","Federated States of Micronesia","15",88.35,56.27,7.37
"637","Federated States of Micronesia","16",88.35,56.27,7.21
"638","Federated States of Micronesia","17",88.35,56.27,7.05
"639","Federated States of Micronesia","18",88.35,56.27,7.05
"640","Fiji","10",94.07,90.13,4.31
"641","Fiji","11",94,91.26,4.18
"642","Fiji","12",93.93,92.38,4.03
"643","Fiji","13",93.86,93.49,3.89
"644","Fiji","14",93.78,94.59,3.76
"645","Fiji","15",93.71,95.68,3.64
"646","Fiji","16",93.71,95.68,3.53
"647","Fiji","17",93.71,95.68,3.43
"648","Fiji","18",93.71,95.68,3.43
"649","Finland","10",100,99.45,0.64
"650","Finland","11",100,99.45,0.62
"651","Finland","12",100,99.45,0.6
"652","Finland","13",100,99.45,0.56
"653","Finland","14",100,99.45,0.52
"654","Finland","15",100,99.45,0.48
"655","Finland","16",100,99.45,0.43
"656","Finland","17",100,99.45,0.4
"657","Finland","18",100,99.45,0.4
"658","France","10",99.98,98.66,0.72
"659","France","11",99.99,98.65,0.69
"660","France","12",100,98.65,0.66
"661","France","13",100,98.65,0.64
"662","France","14",100,98.65,0.62
"663","France","15",100,98.65,0.6
"664","France","16",100,98.65,0.58
"665","France","17",100,98.65,0.56
"666","France","18",100,98.65,0.56
"667","French Guiana","10",93.28,92,1.51
"668","French Guiana","11",93.29,91.63,1.48
"669","French Guiana","12",93.31,91.25,1.47
"670","French Guiana","13",93.32,90.88,1.47
"671","French Guiana","14",93.33,90.51,1.49
"672","French Guiana","15",93.35,90.14,1.52
"673","French Guiana","16",93.35,90.14,1.55
"674","French Guiana","17",93.35,90.14,1.57
"675","French Guiana","18",93.35,90.14,1.57
"676","French Polynesia","10",100,97.29,0.76
"677","French Polynesia","11",100,97.18,0.73
"678","French Polynesia","12",100,97.07,0.7
"679","French Polynesia","13",100,96.96,0.67
"680","French Polynesia","14",100,96.85,0.64
"681","French Polynesia","15",100,96.85,0.61
"682","French Polynesia","16",100,96.85,0.59
"683","French Polynesia","17",100,96.85,0.57
"684","French Polynesia","18",100,96.85,0.57
"685","Gabon","10",85.29,40.3,20.35
"686","Gabon","11",85.78,40.43,19.2
"687","Gabon","12",86.25,40.56,18.13
"688","Gabon","13",86.7,40.68,17.12
"689","Gabon","14",87.13,40.81,16.17
"690","Gabon","15",87.54,40.93,15.3
"691","Gabon","16",87.54,40.93,14.51
"692","Gabon","17",87.54,40.93,13.81
"693","Gabon","18",87.54,40.93,13.81
"694","Gambia","10",78.09,45.76,31.13
"695","Gambia","11",78.49,44.92,29.25
"696","Gambia","12",78.89,44.09,27.66
"697","Gambia","13",79.28,43.28,26.38
"698","Gambia","14",79.67,42.48,25.42
"699","Gambia","15",80.06,41.69,24.72
"700","Gambia","16",80.06,41.69,24.23
"701","Gambia","17",80.06,41.69,23.87
"702","Gambia","18",80.06,41.69,23.87
"703","Georgia","10",91.65,88.81,2.2
"704","Georgia","11",91.98,88.01,2.09
"705","Georgia","12",92.3,87.22,2
"706","Georgia","13",92.62,86.43,1.93
"707","Georgia","14",92.94,85.65,1.86
"708","Georgia","15",93.26,84.88,1.82
"709","Georgia","16",93.26,84.88,1.78
"710","Georgia","17",93.26,84.88,1.74
"711","Georgia","18",93.26,84.88,1.74
"712","Germany","10",100,99.22,0.71
"713","Germany","11",100,99.22,0.68
"714","Germany","12",100,99.22,0.65
"715","Germany","13",100,99.22,0.62
"716","Germany","14",100,99.22,0.59
"717","Germany","15",100,99.22,0.56
"718","Germany","16",100,99.22,0.53
"719","Germany","17",100,99.22,0.5
"720","Germany","18",100,99.22,0.5
"721","Ghana","10",73.51,13.28,26.29
"722","Ghana","11",74.38,13.48,24.88
"723","Ghana","12",75.25,13.69,23.59
"724","Ghana","13",76.11,13.89,22.48
"725","Ghana","14",76.96,14.08,21.56
"726","Ghana","15",77.8,14.28,20.82
"727","Ghana","16",77.8,14.28,20.24
"728","Ghana","17",77.8,14.28,19.75
"729","Ghana","18",77.8,14.28,19.75
"730","Gibraltar","10",99.62,99.98,1.06
"731","Gibraltar","11",99.62,97.99,2.44
"732","Gibraltar","12",99.62,93.15,1.78
"733","Gibraltar","13",99.62,97.64,0.9
"734","Gibraltar","14",99.62,100,0.64
"735","Gibraltar","15",99.62,99.11,0.75
"736","Gibraltar","16",99.62,93.15,0.86
"737","Gibraltar","17",99.62,65.62,4.68
"738","Gibraltar","18",99.62,98.79,0.6
"739","Greece","10",99.91,98.21,0.7
"740","Greece","11",99.95,98.31,0.69
"741","Greece","12",100,98.41,0.67
"742","Greece","13",100,98.5,0.64
"743","Greece","14",100,98.59,0.6
"744","Greece","15",100,98.96,0.56
"745","Greece","16",100,98.96,0.52
"746","Greece","17",100,98.96,0.48
"747","Greece","18",100,98.96,0.48
"748","Greenland","10",100,99.47,0.62
"749","Greenland","11",100,99.45,1.15
"750","Greenland","12",100,99.42,0.58
"751","Greenland","13",100,99.39,0.72
"752","Greenland","14",100,99.36,0.87
"753","Greenland","15",100,99.34,1.95
"754","Greenland","16",100,99.34,1.85
"755","Greenland","17",100,99.34,0.6
"756","Greenland","18",100,99.34,0.6
"757","Grenada","10",95.63,82.38,3.63
"758","Grenada","11",95.86,81.02,3.57
"759","Grenada","12",95.97,79.66,3.52
"760","Grenada","13",95.63,78.3,3.46
"761","Grenada","14",95.63,78.3,3.4
"762","Grenada","15",95.63,78.3,3.33
"763","Grenada","16",95.63,78.3,3.25
"764","Grenada","17",95.63,78.3,3.17
"765","Grenada","18",95.63,78.3,3.17
"766","Guadeloupe","10",99.37,98,0.73
"767","Guadeloupe","11",99.42,98.15,0.69
"768","Guadeloupe","12",99.47,98.31,0.65
"769","Guadeloupe","13",99.52,98.47,0.62
"770","Guadeloupe","14",99.57,98.63,0.59
"771","Guadeloupe","15",99.62,98.79,0.57
"772","Guadeloupe","16",99.62,98.79,0.56
"773","Guadeloupe","17",99.62,98.79,0.54
"774","Guadeloupe","18",99.62,98.79,0.54
"775","Guam","10",99.65,90.08,1.64
"776","Guam","11",99.67,90.22,1.59
"777","Guam","12",99.7,90.35,1.54
"778","Guam","13",99.7,90.35,1.49
"779","Guam","14",99.7,90.35,1.45
"780","Guam","15",99.7,90.35,1.42
"781","Guam","16",99.7,90.35,1.38
"782","Guam","17",99.7,90.35,1.35
"783","Guam","18",99.7,90.35,1.35
"784","Guatemala","10",91,64.73,6.51
"785","Guatemala","11",91.53,65.26,6.2
"786","Guatemala","12",92.05,65.79,5.93
"787","Guatemala","13",92.57,66.32,5.69
"788","Guatemala","14",93.09,66.84,5.48
"789","Guatemala","15",93.6,67.36,5.29
"790","Guatemala","16",93.6,67.36,5.12
"791","Guatemala","17",93.6,67.36,4.95
"792","Guatemala","18",93.6,67.36,4.95
"793","Guinea-Bissau","10",63.81,18.19,62.6
"794","Guinea-Bissau","11",64.9,18.85,60.98
"795","Guinea-Bissau","12",65.99,19.5,59.38
"796","Guinea-Bissau","13",67.06,20.16,57.8
"797","Guinea-Bissau","14",68.13,20.81,56.25
"798","Guinea-Bissau","15",69.2,21.47,54.72
"799","Guinea-Bissau","16",69.2,21.47,53.21
"800","Guinea-Bissau","17",69.2,21.47,51.73
"801","Guinea-Bissau","18",69.2,21.47,51.73
"802","Guinea","10",63.03,17.61,43.38
"803","Guinea","11",63.89,18.48,41.3
"804","Guinea","12",64.76,19.34,39.49
"805","Guinea","13",65.63,20.21,37.8
"806","Guinea","14",66.5,21.08,36.16
"807","Guinea","15",67.37,21.95,34.55
"808","Guinea","16",67.37,21.95,32.94
"809","Guinea","17",67.37,21.95,31.38
"810","Guinea","18",67.37,21.95,31.38
"811","Guyana","10",92.55,83.54,8.48
"812","Guyana","11",92.99,84.06,8.35
"813","Guyana","12",93.42,84.59,8.22
"814","Guyana","13",93.92,85.11,8.1
"815","Guyana","14",94.68,85.64,7.97
"816","Guyana","15",95.07,86.16,7.85
"817","Guyana","16",95.07,86.16,7.73
"818","Guyana","17",95.07,86.16,7.61
"819","Guyana","18",95.07,86.16,7.61
"820","Haiti","10",62.11,26.75,33.79
"821","Haiti","11",62.55,27.68,33.05
"822","Haiti","12",62.96,28.59,32.31
"823","Haiti","13",63.33,29.48,31.56
"824","Haiti","14",63.68,30.36,30.82
"825","Haiti","15",64.17,30.54,30.09
"826","Haiti","16",64.17,30.54,29.36
"827","Haiti","17",64.17,30.54,28.66
"828","Haiti","18",64.17,30.54,28.66
"829","Holy See","10",94.82,100,1.44
"830","Holy See","11",100,99.9,0.72
"831","Holy See","12",98.9,94.78,2.81
"832","Holy See","13",95.5,93.17,3.76
"833","Holy See","14",100,99.98,0.7
"834","Holy See","15",76.92,47,27.66
"835","Holy See","16",99.59,100,1.06
"836","Holy See","17",67.72,18.69,27.1
"837","Holy See","18",99.52,98.82,0.69
"838","Honduras","10",89.07,74.2,13.14
"839","Honduras","11",89.71,75.35,12.97
"840","Honduras","12",90.34,76.48,12.77
"841","Honduras","13",90.96,77.59,12.55
"842","Honduras","14",91.57,78.69,12.3
"843","Honduras","15",92.18,79.78,12.03
"844","Honduras","16",92.18,79.78,11.74
"845","Honduras","17",92.18,79.78,11.43
"846","Honduras","18",92.18,79.78,11.43
"847","Hong Kong","10",99.66,96.57,1.04
"848","Hong Kong","11",99.75,96.52,1
"849","Hong Kong","12",99.85,96.46,0.96
"850","Hong Kong","13",99.95,96.41,0.93
"851","Hong Kong","14",100,96.35,0.9
"852","Hong Kong","15",100,96.3,0.87
"853","Hong Kong","16",100,96.3,0.85
"854","Hong Kong","17",100,96.3,0.83
"855","Hong Kong","18",100,96.3,0.83
"856","Hungary","10",99.97,98.01,0.91
"857","Hungary","11",99.97,98,0.87
"858","Hungary","12",99.97,98,0.83
"859","Hungary","13",99.97,98,0.81
"860","Hungary","14",99.97,97.99,0.79
"861","Hungary","15",99.97,97.99,0.78
"862","Hungary","16",99.97,97.99,0.77
"863","Hungary","17",99.97,97.99,0.77
"864","Hungary","18",99.97,97.99,0.77
"865","Iceland","10",100,98.78,0.8
"866","Iceland","11",100,98.78,0.74
"867","Iceland","12",100,98.78,0.68
"868","Iceland","13",100,98.78,0.62
"869","Iceland","14",100,98.78,0.57
"870","Iceland","15",100,98.78,0.54
"871","Iceland","16",100,98.78,0.52
"872","Iceland","17",100,98.78,0.5
"873","Iceland","18",100,98.78,0.5
"874","India","10",85.26,36.72,13.61
"875","India","11",85.73,38.21,12.77
"876","India","12",86.19,39.69,12.06
"877","India","13",86.65,41.18,11.46
"878","India","14",87.11,42.67,10.98
"879","India","15",87.56,44.15,10.59
"880","India","16",87.56,44.15,10.27
"881","India","17",87.56,44.15,9.98
"882","India","18",87.56,44.15,9.98
"883","Indonesia","10",84.79,60.49,6.13
"884","Indonesia","11",85.76,62.01,5.82
"885","Indonesia","12",86.71,63.51,5.56
"886","Indonesia","13",87.66,64.99,5.33
"887","Indonesia","14",88.6,66.45,5.13
"888","Indonesia","15",89.52,67.89,4.97
"889","Indonesia","16",89.52,67.89,4.83
"890","Indonesia","17",89.52,67.89,4.71
"891","Indonesia","18",89.52,67.89,4.71
"892","Iran (Islamic Republic of)","10",95.08,87.99,2.86
"893","Iran (Islamic Republic of)","11",95.04,88.04,2.69
"894","Iran (Islamic Republic of)","12",95,88.1,2.55
"895","Iran (Islamic Republic of)","13",94.96,88.15,2.43
"896","Iran (Islamic Republic of)","14",94.91,88.22,2.33
"897","Iran (Islamic Republic of)","15",94.87,88.29,2.24
"898","Iran (Islamic Republic of)","16",94.87,88.29,2.16
"899","Iran (Islamic Republic of)","17",94.87,88.29,2.08
"900","Iran (Islamic Republic of)","18",94.87,88.29,2.08
"901","Iraq","10",82.5,83.29,5.57
"902","Iraq","11",83.22,84.08,5.55
"903","Iraq","12",83.94,84.87,5.5
"904","Iraq","13",84.66,85.66,5.44
"905","Iraq","14",85.38,85.66,5.34
"906","Iraq","15",86.1,85.66,5.21
"907","Iraq","16",86.1,85.66,5.05
"908","Iraq","17",86.1,85.66,4.89
"909","Iraq","18",86.1,85.66,4.89
"910","Ireland","10",98.11,90.98,0.66
"911","Ireland","11",98.31,91.22,0.62
"912","Ireland","12",98.51,91.46,0.57
"913","Ireland","13",98.72,91.7,0.53
"914","Ireland","14",98.92,91.94,0.49
"915","Ireland","15",98.92,92.18,0.46
"916","Ireland","16",98.92,92.18,0.43
"917","Ireland","17",98.92,92.18,0.4
"918","Ireland","18",98.92,92.18,0.4
"919","Isle of Man","10",94.7,85.91,3.04
"920","Isle of Man","11",96.26,87.5,1.79
"921","Isle of Man","12",96.26,88.15,1.44
"922","Isle of Man","13",96.26,87.79,4.57
"923","Isle of Man","14",96.26,98.87,2.96
"924","Isle of Man","15",96.26,92.01,1.16
"925","Isle of Man","16",96.26,92.04,1.09
"926","Isle of Man","17",96.26,87.11,1.63
"927","Isle of Man","18",96.26,95.91,2.3
"928","Israel","10",100,100,0.92
"929","Israel","11",100,100,0.88
"930","Israel","12",100,100,0.84
"931","Israel","13",100,100,0.79
"932","Israel","14",100,100,0.75
"933","Israel","15",100,100,0.71
"934","Israel","16",100,100,0.68
"935","Israel","17",100,100,0.65
"936","Israel","18",100,100,0.65
"937","Italy","10",100,99.28,0.58
"938","Italy","11",100,99.28,0.56
"939","Italy","12",100,99.28,0.54
"940","Italy","13",100,99.28,0.51
"941","Italy","14",100,99.28,0.48
"942","Italy","15",100,99.28,0.45
"943","Italy","16",100,99.28,0.42
"944","Italy","17",100,99.28,0.39
"945","Italy","18",100,99.28,0.39
"946","Jamaica","10",92.3,84.94,3.07
"947","Jamaica","11",92.45,85.05,2.98
"948","Jamaica","12",92.6,85.16,2.91
"949","Jamaica","13",92.75,85.27,2.84
"950","Jamaica","14",92.9,85.38,2.78
"951","Jamaica","15",92.92,85.37,2.72
"952","Jamaica","16",92.92,85.37,2.66
"953","Jamaica","17",92.92,85.37,2.6
"954","Jamaica","18",92.92,85.37,2.6
"955","Japan","10",98.73,99.99,0.89
"956","Japan","11",98.77,100,0.87
"957","Japan","12",98.82,100,0.86
"958","Japan","13",98.86,100,0.85
"959","Japan","14",98.9,100,0.83
"960","Japan","15",98.95,100,0.81
"961","Japan","16",98.95,100,0.79
"962","Japan","17",98.95,100,0.76
"963","Japan","18",98.95,100,0.76
"964","Jordan","10",98.9,97.46,2.95
"965","Jordan","11",98.83,97.31,2.88
"966","Jordan","12",98.77,97.16,2.81
"967","Jordan","13",98.7,97.01,2.74
"968","Jordan","14",98.63,96.86,2.67
"969","Jordan","15",98.57,96.71,2.61
"970","Jordan","16",98.57,96.71,2.54
"971","Jordan","17",98.57,96.71,2.48
"972","Jordan","18",98.57,96.71,2.48
"973","Kazakstan","10",89.62,97.5,3.17
"974","Kazakstan","11",89.98,97.56,3.18
"975","Kazakstan","12",90.34,97.62,3.2
"976","Kazakstan","13",90.66,97.68,3.21
"977","Kazakstan","14",90.9,97.74,3.18
"978","Kazakstan","15",91.15,97.81,3.11
"979","Kazakstan","16",91.15,97.81,3
"980","Kazakstan","17",91.15,97.81,2.88
"981","Kazakstan","18",91.15,97.81,2.88
"982","Kenya","10",54.62,30.17,20.19
"983","Kenya","11",55.4,30.1,18.62
"984","Kenya","12",56.18,30.03,17.26
"985","Kenya","13",56.94,29.97,16.11
"986","Kenya","14",57.7,29.91,15.15
"987","Kenya","15",58.46,29.84,14.39
"988","Kenya","16",58.46,29.84,13.78
"989","Kenya","17",58.46,29.84,13.27
"990","Kenya","18",58.46,29.84,13.27
"991","Kiribati","10",63.63,38.14,14.78
"992","Kiribati","11",63.93,38.93,14.49
"993","Kiribati","12",64.23,39.71,14.17
"994","Kiribati","13",64.28,39.73,13.82
"995","Kiribati","14",64.33,39.75,13.45
"996","Kiribati","15",64.39,39.77,13.06
"997","Kiribati","16",64.39,39.77,12.66
"998","Kiribati","17",64.39,39.77,12.25
"999","Kiribati","18",64.39,39.77,12.25
"1000","Korea, Dem. People's Rep. of","10",99.65,77.04,6.73
"1001","Korea, Dem. People's Rep. of","11",99.62,77.05,6.46
"1002","Korea, Dem. People's Rep. of","12",99.62,77.07,6.14
"1003","Korea, Dem. People's Rep. of","13",99.62,77.09,5.83
"1004","Korea, Dem. People's Rep. of","14",99.62,77.11,5.54
"1005","Korea, Dem. People's Rep. of","15",99.62,77.13,5.27
"1006","Korea, Dem. People's Rep. of","16",99.62,77.13,5.02
"1007","Korea, Dem. People's Rep. of","17",99.62,77.13,4.79
"1008","Korea, Dem. People's Rep. of","18",99.62,77.13,4.79
"1009","Korea, Republic of","10",99,100,0.87
"1010","Korea, Republic of","11",99.12,100,0.82
"1011","Korea, Republic of","12",99.24,100,0.77
"1012","Korea, Republic of","13",99.36,99.96,0.73
"1013","Korea, Republic of","14",99.48,99.92,0.7
"1014","Korea, Republic of","15",99.59,99.89,0.67
"1015","Korea, Republic of","16",99.59,99.89,0.64
"1016","Korea, Republic of","17",99.59,99.89,0.62
"1017","Korea, Republic of","18",99.59,99.89,0.62
"1018","Kosovo","10",80.06,48.36,18.13
"1019","Kosovo","11",57.11,14.25,40.92
"1020","Kosovo","12",90.34,93.02,4.14
"1021","Kosovo","13",97.87,95.39,1.31
"1022","Kosovo","14",98.5,78.3,3
"1023","Kosovo","15",98.5,78.3,3
"1024","Kosovo","16",98.5,78.3,3
"1025","Kosovo","17",98.5,78.3,3
"1026","Kosovo","18",98.5,78.3,3
"1027","Kuwait","10",100,100,2.59
"1028","Kuwait","11",100,100,2.5
"1029","Kuwait","12",100,100,2.4
"1030","Kuwait","13",100,100,2.32
"1031","Kuwait","14",100,100,2.25
"1032","Kuwait","15",100,100,2.18
"1033","Kuwait","16",100,100,2.12
"1034","Kuwait","17",100,100,2.07
"1035","Kuwait","18",100,100,2.07
"1036","Kyrgyzstan","10",84.84,94.93,3.9
"1037","Kyrgyzstan","11",85.34,95.27,3.72
"1038","Kyrgyzstan","12",85.85,95.6,3.56
"1039","Kyrgyzstan","13",86.37,95.93,3.43
"1040","Kyrgyzstan","14",86.88,96.26,3.32
"1041","Kyrgyzstan","15",87.27,96.59,3.22
"1042","Kyrgyzstan","16",87.27,96.59,3.13
"1043","Kyrgyzstan","17",87.27,96.59,3.05
"1044","Kyrgyzstan","18",87.27,96.59,3.05
"1045","Lao People's Dem. Rep.","10",69.6,58.36,16.95
"1046","Lao People's Dem. Rep.","11",71.79,61.27,15.83
"1047","Lao People's Dem. Rep.","12",73.96,64.15,14.8
"1048","Lao People's Dem. Rep.","13",76.08,66.99,13.85
"1049","Lao People's Dem. Rep.","14",78.38,69.81,12.98
"1050","Lao People's Dem. Rep.","15",80.45,72.59,12.18
"1051","Lao People's Dem. Rep.","16",80.45,72.59,11.45
"1052","Lao People's Dem. Rep.","17",80.45,72.59,10.77
"1053","Lao People's Dem. Rep.","18",80.45,72.59,10.77
"1054","Latvia","10",98.26,90.59,1.39
"1055","Latvia","11",98.32,91.05,1.34
"1056","Latvia","12",98.39,91.5,1.31
"1057","Latvia","13",98.46,91.95,1.27
"1058","Latvia","14",98.53,92.41,1.24
"1059","Latvia","15",98.6,92.86,1.21
"1060","Latvia","16",98.6,92.86,1.18
"1061","Latvia","17",98.6,92.86,1.15
"1062","Latvia","18",98.6,92.86,1.15
"1063","Lebanon","10",89.97,87.55,1.56
"1064","Lebanon","11",90.43,89.11,1.52
"1065","Lebanon","12",90.89,90.67,1.49
"1066","Lebanon","13",91.34,92.24,1.46
"1067","Lebanon","14",91.8,93.8,1.44
"1068","Lebanon","15",92.26,95.36,1.41
"1069","Lebanon","16",92.26,95.36,1.39
"1070","Lebanon","17",92.26,95.36,1.37
"1071","Lebanon","18",92.26,95.36,1.37
"1072","Lesotho","10",69.87,31.8,26.03
"1073","Lesotho","11",70.21,34.21,24.3
"1074","Lesotho","12",70.55,36.62,22.64
"1075","Lesotho","13",70.9,39.02,21.09
"1076","Lesotho","14",71.25,41.41,19.67
"1077","Lesotho","15",71.59,43.79,18.38
"1078","Lesotho","16",71.59,43.79,17.23
"1079","Lesotho","17",71.59,43.79,16.15
"1080","Lesotho","18",71.59,43.79,16.15
"1081","Liberia","10",67.24,15.59,25.11
"1082","Liberia","11",67.78,15.85,23.58
"1083","Liberia","12",68.31,16.11,22.28
"1084","Liberia","13",68.84,16.36,21.14
"1085","Liberia","14",69.37,16.63,20.14
"1086","Liberia","15",69.9,16.89,19.22
"1087","Liberia","16",69.9,16.89,18.36
"1088","Liberia","17",69.9,16.89,17.55
"1089","Liberia","18",69.9,16.89,17.55
"1090","Libyan Arab Jamahiriya","10",96.75,99.7,4.58
"1091","Libyan Arab Jamahiriya","11",96.75,99.7,4.57
"1092","Libyan Arab Jamahiriya","12",96.75,99.7,4.54
"1093","Libyan Arab Jamahiriya","13",96.75,99.7,4.49
"1094","Libyan Arab Jamahiriya","14",96.75,99.7,4.41
"1095","Libyan Arab Jamahiriya","15",96.75,99.7,4.31
"1096","Libyan Arab Jamahiriya","16",96.75,99.7,4.2
"1097","Libyan Arab Jamahiriya","17",96.75,99.7,4.08
"1098","Libyan Arab Jamahiriya","18",96.75,99.7,4.08
"1099","Liechtenstein","10",100,99.95,0.56
"1100","Liechtenstein","11",100,99.95,0.88
"1101","Liechtenstein","12",100,99.95,0.56
"1102","Liechtenstein","13",100,99.95,0.56
"1103","Liechtenstein","14",100,99.95,0.88
"1104","Liechtenstein","15",100,99.95,0.88
"1105","Liechtenstein","16",100,99.95,0.88
"1106","Liechtenstein","17",100,99.95,0.88
"1107","Liechtenstein","18",100,99.95,0.88
"1108","Lithuania","10",95.29,90.7,1.16
"1109","Lithuania","11",95.81,91.28,1.1
"1110","Lithuania","12",96.33,91.86,1.06
"1111","Lithuania","13",96.85,92.45,1.03
"1112","Lithuania","14",97.38,93.03,1
"1113","Lithuania","15",97.38,93.62,0.97
"1114","Lithuania","16",97.38,93.62,0.95
"1115","Lithuania","17",97.38,93.62,0.93
"1116","Lithuania","18",97.38,93.62,0.93
"1117","Luxembourg","10",99.94,97.64,0.74
"1118","Luxembourg","11",99.94,97.63,0.65
"1119","Luxembourg","12",99.95,97.63,0.59
"1120","Luxembourg","13",99.95,97.62,0.55
"1121","Luxembourg","14",99.95,97.62,0.54
"1122","Luxembourg","15",99.95,97.61,0.55
"1123","Luxembourg","16",99.95,97.61,0.57
"1124","Luxembourg","17",99.95,97.61,0.6
"1125","Luxembourg","18",99.95,97.61,0.6
"1126","Macau","10",100,99.11,1.21
"1127","Macau","11",100,100,1.16
"1128","Macau","12",100,99.9,1.1
"1129","Macau","13",100,97.63,1.06
"1130","Macau","14",100,99.43,1.02
"1131","Macau","15",100,99.12,0.98
"1132","Macau","16",100,100,0.96
"1133","Macau","17",100,99.98,0.93
"1134","Macau","18",100,99.9,0.93
"1135","Madagascar","10",45.67,7.9,20.36
"1136","Madagascar","11",46.65,8.25,19.5
"1137","Madagascar","12",47.64,8.61,18.69
"1138","Madagascar","13",48.63,8.97,17.93
"1139","Madagascar","14",49.62,9.33,17.2
"1140","Madagascar","15",50.62,9.69,16.48
"1141","Madagascar","16",50.62,9.69,15.76
"1142","Madagascar","17",50.62,9.69,15.05
"1143","Madagascar","18",50.62,9.69,15.05
"1144","Malawi","10",62,40.53,23.38
"1145","Malawi","11",63.04,41.13,21.9
"1146","Malawi","12",64.08,41.73,20.59
"1147","Malawi","13",65.12,42.33,19.42
"1148","Malawi","14",66.16,42.93,18.35
"1149","Malawi","15",67.2,43.53,17.4
"1150","Malawi","16",67.2,43.53,16.54
"1151","Malawi","17",67.2,43.53,15.81
"1152","Malawi","18",67.2,43.53,15.81
"1153","Malaysia","10",96.92,98.87,1.63
"1154","Malaysia","11",96.81,99.06,1.59
"1155","Malaysia","12",96.71,99.24,1.54
"1156","Malaysia","13",96.61,99.42,1.49
"1157","Malaysia","14",96.52,99.57,1.44
"1158","Malaysia","15",96.43,99.57,1.4
"1159","Malaysia","16",96.43,99.57,1.36
"1160","Malaysia","17",96.43,99.57,1.32
"1161","Malaysia","18",96.43,99.57,1.32
"1162","Maldives","10",98.19,95.39,1.77
"1163","Maldives","11",98.06,96.1,1.62
"1164","Maldives","12",98.01,96.04,1.5
"1165","Maldives","13",97.97,95.98,1.42
"1166","Maldives","14",97.92,95.92,1.35
"1167","Maldives","15",97.88,95.87,1.29
"1168","Maldives","16",97.88,95.87,1.23
"1169","Maldives","17",97.88,95.87,1.17
"1170","Maldives","18",97.88,95.87,1.17
"1171","Mali","10",66.06,27.31,58.39
"1172","Mali","11",67.72,28.11,54.85
"1173","Mali","12",69.37,28.9,51.88
"1174","Mali","13",71.01,29.69,49.37
"1175","Mali","14",72.64,30.48,47.27
"1176","Mali","15",74.27,31.27,45.51
"1177","Mali","16",74.27,31.27,43.98
"1178","Mali","17",74.27,31.27,42.62
"1179","Mali","18",74.27,31.27,42.62
"1180","Malta","10",100,99.98,0.99
"1181","Malta","11",100,99.97,0.97
"1182","Malta","12",100,99.97,0.95
"1183","Malta","13",100,99.97,0.92
"1184","Malta","14",100,99.96,0.9
"1185","Malta","15",100,99.96,0.88
"1186","Malta","16",100,99.96,0.85
"1187","Malta","17",100,99.96,0.83
"1188","Malta","18",100,99.96,0.83
"1189","Marshall Islands","10",78.55,86.51,11.24
"1190","Marshall Islands","11",78.47,86.59,4.78
"1191","Marshall Islands","12",78.39,86.66,10.6
"1192","Marshall Islands","13",78.31,86.74,5.27
"1193","Marshall Islands","14",78.24,86.82,10.6
"1194","Marshall Islands","15",78.16,86.89,10.6
"1195","Marshall Islands","16",78.16,86.89,5.27
"1196","Marshall Islands","17",78.16,86.89,5.93
"1197","Marshall Islands","18",78.16,86.89,11.24
"1198","Martinique","10",99.75,98.21,1.21
"1199","Martinique","11",99.77,98.44,1.16
"1200","Martinique","12",99.79,98.67,1.11
"1201","Martinique","13",99.81,98.91,1.06
"1202","Martinique","14",99.84,99.14,1.01
"1203","Martinique","15",99.86,99.38,0.97
"1204","Martinique","16",99.86,99.38,0.92
"1205","Martinique","17",99.86,99.38,0.88
"1206","Martinique","18",99.86,99.38,0.88
"1207","Mauritania","10",64.76,37.36,30.01
"1208","Mauritania","11",65.76,38.8,28.55
"1209","Mauritania","12",66.75,40.25,27.29
"1210","Mauritania","13",67.72,41.7,26.27
"1211","Mauritania","14",68.67,43.16,25.5
"1212","Mauritania","15",69.61,44.62,24.97
"1213","Mauritania","16",69.61,44.62,24.64
"1214","Mauritania","17",69.61,44.62,24.4
"1215","Mauritania","18",69.61,44.62,24.4
"1216","Mauritius","10",99.73,92.73,2.11
"1217","Mauritius","11",99.77,92.87,2.15
"1218","Mauritius","12",99.82,93.01,2.2
"1219","Mauritius","13",99.87,93.15,2.24
"1220","Mauritius","14",99.87,93.15,2.27
"1221","Mauritius","15",99.87,93.15,2.27
"1222","Mauritius","16",99.87,93.15,2.26
"1223","Mauritius","17",99.87,93.15,2.24
"1224","Mauritius","18",99.87,93.15,2.24
"1225","Mayotte","10",98.15,76.88,0.74
"1226","Mayotte","11",98.15,76.88,0.69
"1227","Mayotte","12",98.15,76.88,0.64
"1228","Mayotte","13",98.15,76.88,0.6
"1229","Mayotte","14",98.15,76.88,0.58
"1230","Mayotte","15",98.15,76.88,0.55
"1231","Mayotte","16",98.15,76.88,0.54
"1232","Mayotte","17",98.15,76.88,0.52
"1233","Mayotte","18",98.15,76.88,0.52
"1234","Mexico","10",95.46,85.18,4.72
"1235","Mexico","11",96.05,86.01,4.66
"1236","Mexico","12",96.62,86.82,4.57
"1237","Mexico","13",97.19,87.63,4.48
"1238","Mexico","14",97.75,88.43,4.37
"1239","Mexico","15",98.31,89.22,4.27
"1240","Mexico","16",98.31,89.22,4.17
"1241","Mexico","17",98.31,89.22,4.06
"1242","Mexico","18",98.31,89.22,4.06
"1243","Monaco","10",100,100,0.5
"1244","Monaco","11",100,100,0.5
"1245","Monaco","12",100,100,0.5
"1246","Monaco","13",100,100,0.71
"1247","Monaco","14",100,100,0.71
"1248","Monaco","15",100,100,0.71
"1249","Monaco","16",100,100,0.65
"1250","Monaco","17",100,100,0.5
"1251","Monaco","18",100,100,0.5
"1252","Mongolia","10",78.04,56.47,5.93
"1253","Mongolia","11",79.15,57.19,5.71
"1254","Mongolia","12",80.23,57.89,5.5
"1255","Mongolia","13",81.26,58.48,5.3
"1256","Mongolia","14",82.26,58.92,5.11
"1257","Mongolia","15",83.22,59.22,4.92
"1258","Mongolia","16",83.22,59.22,4.74
"1259","Mongolia","17",83.22,59.22,4.57
"1260","Mongolia","18",83.22,59.22,4.57
"1261","Montenegro","10",96.02,93.51,2.04
"1262","Montenegro","11",96.17,94.04,2.44
"1263","Montenegro","12",96.36,94.56,2.77
"1264","Montenegro","13",96.48,95.09,2.99
"1265","Montenegro","14",96.73,95.62,3.09
"1266","Montenegro","15",97.63,95.91,3.07
"1267","Montenegro","16",97.63,95.91,2.96
"1268","Montenegro","17",97.63,95.91,2.81
"1269","Montenegro","18",97.63,95.91,2.81
"1270","Montserrat","10",96.79,87.97,2.17
"1271","Montserrat","11",96.58,88.75,1.23
"1272","Montserrat","12",96.58,88.75,1.19
"1273","Montserrat","13",96.58,88.75,1.23
"1274","Montserrat","14",96.58,88.75,1.19
"1275","Montserrat","15",96.58,88.75,1.19
"1276","Montserrat","16",96.58,88.75,1.19
"1277","Montserrat","17",96.58,88.75,1.19
"1278","Montserrat","18",96.58,88.75,1.19
"1279","Morocco","10",77.04,79.03,5.8
"1280","Morocco","11",78.27,79.95,5.42
"1281","Morocco","12",79.48,80.86,5.08
"1282","Morocco","13",80.66,81.74,4.78
"1283","Morocco","14",81.83,82.61,4.52
"1284","Morocco","15",82.97,83.47,4.3
"1285","Morocco","16",82.97,83.47,4.11
"1286","Morocco","17",82.97,83.47,3.94
"1287","Morocco","18",82.97,83.47,3.94
"1288","Mozambique","10",38.7,19.62,42.45
"1289","Mozambique","11",40.4,20.4,40.73
"1290","Mozambique","12",42.11,21.18,39.18
"1291","Mozambique","13",43.82,21.97,37.8
"1292","Mozambique","14",45.54,22.76,36.56
"1293","Mozambique","15",47.26,23.56,35.44
"1294","Mozambique","16",47.26,23.56,34.41
"1295","Mozambique","17",47.26,23.56,33.46
"1296","Mozambique","18",47.26,23.56,33.46
"1297","Myanmar","10",63.31,66.26,15.02
"1298","Myanmar","11",64.16,65.94,14.22
"1299","Myanmar","12",65.01,65.63,13.51
"1300","Myanmar","13",65.85,65.32,12.89
"1301","Myanmar","14",66.7,65.01,12.39
"1302","Myanmar","15",67.54,64.7,11.98
"1303","Myanmar","16",67.54,64.7,11.66
"1304","Myanmar","17",67.54,64.7,11.38
"1305","Myanmar","18",67.54,64.7,11.38
"1306","Namibia","10",78.12,32.03,11.74
"1307","Namibia","11",78.25,32.41,10.73
"1308","Namibia","12",78.38,32.78,9.86
"1309","Namibia","13",78.52,33.15,9.12
"1310","Namibia","14",78.65,33.5,8.53
"1311","Namibia","15",78.79,33.84,8.05
"1312","Namibia","16",78.79,33.84,7.68
"1313","Namibia","17",78.79,33.84,7.37
"1314","Namibia","18",78.79,33.84,7.37
"1315","Nauru","10",99.05,65.62,5.44
"1316","Nauru","11",99.44,65.61,12.55
"1317","Nauru","12",99.84,65.6,4.68
"1318","Nauru","13",100,65.6,5.05
"1319","Nauru","14",100,65.6,4.89
"1320","Nauru","15",100,65.6,5.05
"1321","Nauru","16",100,65.6,5.05
"1322","Nauru","17",100,65.6,4.43
"1323","Nauru","18",100,65.6,4.43
"1324","Nepal","10",85.15,37.35,9.04
"1325","Nepal","11",85.68,39.12,8.36
"1326","Nepal","12",86.21,40.88,7.76
"1327","Nepal","13",86.73,42.64,7.21
"1328","Nepal","14",87.24,44.39,6.71
"1329","Nepal","15",87.75,46.13,6.25
"1330","Nepal","16",87.75,46.13,5.82
"1331","Nepal","17",87.75,46.13,5.44
"1332","Nepal","18",87.75,46.13,5.44
"1333","Netherlands","10",100,97.81,0.75
"1334","Netherlands","11",100,97.79,0.72
"1335","Netherlands","12",100,97.77,0.69
"1336","Netherlands","13",100,97.76,0.65
"1337","Netherlands","14",100,97.74,0.61
"1338","Netherlands","15",100,97.73,0.57
"1339","Netherlands","16",100,97.73,0.52
"1340","Netherlands","17",100,97.73,0.49
"1341","Netherlands","18",100,97.73,0.49
"1342","New Caledonia","10",97.27,100,2.29
"1343","New Caledonia","11",97.61,100,2.21
"1344","New Caledonia","12",97.95,100,2.14
"1345","New Caledonia","13",98.3,100,2.07
"1346","New Caledonia","14",98.64,100,2.01
"1347","New Caledonia","15",98.98,100,1.95
"1348","New Caledonia","16",98.98,100,1.9
"1349","New Caledonia","17",98.98,100,1.85
"1350","New Caledonia","18",98.98,100,1.85
"1351","New Zealand","10",100,100,1.03
"1352","New Zealand","11",100,100,0.98
"1353","New Zealand","12",100,100,0.96
"1354","New Zealand","13",100,100,0.95
"1355","New Zealand","14",100,100,0.97
"1356","New Zealand","15",100,100,1
"1357","New Zealand","16",100,100,1.03
"1358","New Zealand","17",100,100,1.06
"1359","New Zealand","18",100,100,1.06
"1360","Nicaragua","10",81.62,71.04,4.18
"1361","Nicaragua","11",81.74,72.1,3.96
"1362","Nicaragua","12",81.86,73.17,3.75
"1363","Nicaragua","13",81.99,74.23,3.57
"1364","Nicaragua","14",82.12,75.29,3.41
"1365","Nicaragua","15",82.26,76.35,3.27
"1366","Nicaragua","16",82.26,76.35,3.15
"1367","Nicaragua","17",82.26,76.35,3.04
"1368","Nicaragua","18",82.26,76.35,3.04
"1369","Niger","10",43.09,10.43,67.76
"1370","Niger","11",43.63,10.92,63.2
"1371","Niger","12",44.17,11.41,59.42
"1372","Niger","13",44.72,11.91,56.37
"1373","Niger","14",45.27,12.42,53.98
"1374","Niger","15",45.84,12.94,52.14
"1375","Niger","16",45.84,12.94,50.69
"1376","Niger","17",45.84,12.94,49.44
"1377","Niger","18",45.84,12.94,49.44
"1378","Nigeria","10",60.69,33.67,52.74
"1379","Nigeria","11",62.06,33.44,51.23
"1380","Nigeria","12",63.42,33.22,49.86
"1381","Nigeria","13",64.75,33.01,48.53
"1382","Nigeria","14",66.06,32.8,47.17
"1383","Nigeria","15",67.34,32.6,45.78
"1384","Nigeria","16",67.34,32.6,44.36
"1385","Nigeria","17",67.34,32.6,42.97
"1386","Nigeria","18",67.34,32.6,42.97
"1387","Niue","10",98.54,98.16,0.76
"1388","Niue","11",98.43,97.69,2.61
"1389","Niue","12",98.31,97.23,2.09
"1390","Niue","13",98.2,96.77,1.62
"1391","Niue","14",98.2,96.77,3.66
"1392","Niue","15",98.2,96.77,3.81
"1393","Niue","16",98.2,96.77,2.39
"1394","Niue","17",98.2,96.77,3.81
"1395","Niue","18",98.2,96.77,2.39
"1396","Northern Mariana Islands","10",99.18,78,3.43
"1397","Northern Mariana Islands","11",99.22,78.42,2.64
"1398","Northern Mariana Islands","12",99.26,78.84,7.3
"1399","Northern Mariana Islands","13",99.26,78.84,3.32
"1400","Northern Mariana Islands","14",99.26,78.84,3.32
"1401","Northern Mariana Islands","15",99.26,78.84,3.32
"1402","Northern Mariana Islands","16",99.26,78.84,3.32
"1403","Northern Mariana Islands","17",99.26,78.84,7.3
"1404","Northern Mariana Islands","18",99.26,78.84,1.49
"1405","Norway","10",100,98.06,0.57
"1406","Norway","11",100,98.06,0.53
"1407","Norway","12",100,98.06,0.51
"1408","Norway","13",100,98.06,0.48
"1409","Norway","14",100,98.06,0.45
"1410","Norway","15",100,98.06,0.43
"1411","Norway","16",100,98.06,0.41
"1412","Norway","17",100,98.06,0.39
"1413","Norway","18",100,98.06,0.39
"1414","Oman","10",84.19,96.41,1.77
"1415","Oman","11",85.67,97.29,1.69
"1416","Oman","12",87.13,98.16,1.63
"1417","Oman","13",88.58,98.86,1.57
"1418","Oman","14",90.01,99.28,1.52
"1419","Oman","15",90.94,99.32,1.47
"1420","Oman","16",90.94,99.32,1.42
"1421","Oman","17",90.94,99.32,1.37
"1422","Oman","18",90.94,99.32,1.37
"1423","Pakistan","10",88.76,49.61,19.55
"1424","Pakistan","11",88.72,51.36,18.95
"1425","Pakistan","12",88.68,53.1,18.41
"1426","Pakistan","13",88.64,54.83,17.94
"1427","Pakistan","14",88.6,56.55,17.53
"1428","Pakistan","15",88.55,58.25,17.19
"1429","Pakistan","16",88.55,58.25,16.89
"1430","Pakistan","17",88.55,58.25,16.61
"1431","Pakistan","18",88.55,58.25,16.61
"1432","Palau","10",97.66,99.59,0.76
"1433","Palau","11",98.11,100,0.9
"1434","Palau","12",98.53,100,0.7
"1435","Palau","13",98.94,100,0.68
"1436","Palau","14",99.33,100,0.54
"1437","Palau","15",99.58,100,0.87
"1438","Palau","16",99.58,100,0.72
"1439","Palau","17",99.58,100,0.72
"1440","Palau","18",99.58,100,1.85
"1441","Palestinian Territory, Occupied","10",87.94,95.46,3.85
"1442","Palestinian Territory, Occupied","11",87.89,95.57,3.73
"1443","Palestinian Territory, Occupied","12",87.83,95.69,3.61
"1444","Palestinian Territory, Occupied","13",87.77,95.8,3.5
"1445","Palestinian Territory, Occupied","14",87.71,95.91,3.39
"1446","Palestinian Territory, Occupied","15",87.65,95.95,3.29
"1447","Palestinian Territory, Occupied","16",87.65,95.95,3.19
"1448","Palestinian Territory, Occupied","17",87.65,95.95,3.1
"1449","Palestinian Territory, Occupied","18",87.65,95.95,3.1
"1450","Panama","10",92.81,72.66,4.8
"1451","Panama","11",93.26,73.51,4.71
"1452","Panama","12",93.7,74.35,4.64
"1453","Panama","13",94.13,75.19,4.59
"1454","Panama","14",94.57,76.03,4.56
"1455","Panama","15",95,76.87,4.53
"1456","Panama","16",95,76.87,4.5
"1457","Panama","17",95,76.87,4.46
"1458","Panama","18",95,76.87,4.46
"1459","Papua New Guinea","10",36.6,18.61,15.34
"1460","Papua New Guinea","11",36.59,18.6,15.09
"1461","Papua New Guinea","12",36.58,18.59,14.84
"1462","Papua New Guinea","13",36.58,18.59,14.59
"1463","Papua New Guinea","14",36.59,18.6,14.34
"1464","Papua New Guinea","15",36.6,18.6,14.08
"1465","Papua New Guinea","16",36.6,18.6,13.83
"1466","Papua New Guinea","17",36.6,18.6,13.57
"1467","Papua New Guinea","18",36.6,18.6,13.57
"1468","Paraguay","10",91.37,85.03,6.34
"1469","Paraguay","11",92.9,86.28,6.25
"1470","Paraguay","12",94.41,87.52,6.17
"1471","Paraguay","13",95.92,88.76,6.1
"1472","Paraguay","14",97.41,89.99,6.06
"1473","Paraguay","15",98.89,91.22,6.03
"1474","Paraguay","16",98.89,91.22,6
"1475","Paraguay","17",98.89,91.22,5.97
"1476","Paraguay","18",98.89,91.22,5.97
"1477","Peru","10",87.03,72.48,11.24
"1478","Peru","11",87.62,73.37,11.01
"1479","Peru","12",88.19,74.26,10.75
"1480","Peru","13",88.76,75.12,10.49
"1481","Peru","14",89.32,75.98,10.2
"1482","Peru","15",89.87,76.82,9.9
"1483","Peru","16",89.87,76.82,9.58
"1484","Peru","17",89.87,76.82,9.25
"1485","Peru","18",89.87,76.82,9.25
"1486","Philippines","10",88.99,72.2,7.52
"1487","Philippines","11",89.28,72.75,7.31
"1488","Philippines","12",89.58,73.3,7.12
"1489","Philippines","13",89.89,73.85,6.93
"1490","Philippines","14",90.19,74.41,6.76
"1491","Philippines","15",90.5,74.98,6.59
"1492","Philippines","16",90.5,74.98,6.43
"1493","Philippines","17",90.5,74.98,6.28
"1494","Philippines","18",90.5,74.98,6.28
"1495","Poland","10",97.9,94.38,0.89
"1496","Poland","11",97.9,95.12,0.86
"1497","Poland","12",97.89,95.87,0.83
"1498","Poland","13",97.89,96.62,0.8
"1499","Poland","14",97.89,97.38,0.78
"1500","Poland","15",97.89,98.13,0.76
"1501","Poland","16",97.89,98.13,0.74
"1502","Poland","17",97.89,98.13,0.72
"1503","Poland","18",97.89,98.13,0.72
"1504","Portugal","10",99.58,98.79,0.74
"1505","Portugal","11",99.68,98.92,0.7
"1506","Portugal","12",99.79,99.06,0.66
"1507","Portugal","13",99.87,99.19,0.61
"1508","Portugal","14",99.9,99.32,0.56
"1509","Portugal","15",99.9,99.44,0.51
"1510","Portugal","16",99.9,99.44,0.46
"1511","Portugal","17",99.9,99.44,0.41
"1512","Portugal","18",99.9,99.44,0.41
"1513","Puerto Rico","10",97.1,97.12,1.57
"1514","Puerto Rico","11",97.1,97.13,1.36
"1515","Puerto Rico","12",97.11,97.14,1.17
"1516","Puerto Rico","13",97.11,97.14,1.02
"1517","Puerto Rico","14",97.11,97.15,0.92
"1518","Puerto Rico","15",97.12,97.16,0.87
"1519","Puerto Rico","16",97.12,97.16,0.86
"1520","Puerto Rico","17",97.12,97.16,0.87
"1521","Puerto Rico","18",97.12,97.16,0.87
"1522","Qatar","10",100,99.68,1.53
"1523","Qatar","11",100,99.74,1.49
"1524","Qatar","12",100,99.81,1.45
"1525","Qatar","13",100,99.87,1.42
"1526","Qatar","14",100,99.94,1.39
"1527","Qatar","15",100,100,1.36
"1528","Qatar","16",100,100,1.32
"1529","Qatar","17",100,100,1.29
"1530","Qatar","18",100,100,1.29
"1531","Republic of Moldova","10",85.87,76.2,3
"1532","Republic of Moldova","11",86.07,76.63,2.74
"1533","Republic of Moldova","12",86.27,77.07,2.52
"1534","Republic of Moldova","13",86.47,77.51,2.34
"1535","Republic of Moldova","14",86.68,77.95,2.21
"1536","Republic of Moldova","15",86.69,78.4,2.12
"1537","Republic of Moldova","16",86.69,78.4,2.07
"1538","Republic of Moldova","17",86.69,78.4,2.04
"1539","Republic of Moldova","18",86.69,78.4,2.04
"1540","Reunion","10",99.5,98.98,0.74
"1541","Reunion","11",99.5,98.98,0.69
"1542","Reunion","12",99.5,98.98,0.64
"1543","Reunion","13",99.5,98.98,0.6
"1544","Reunion","14",99.5,98.98,0.57
"1545","Reunion","15",99.5,98.98,0.55
"1546","Reunion","16",99.5,98.98,0.53
"1547","Reunion","17",99.5,98.98,0.52
"1548","Reunion","18",99.5,98.98,0.52
"1549","Romania","10",100,81.63,1.89
"1550","Romania","11",100,81.66,1.79
"1551","Romania","12",100,81.69,1.7
"1552","Romania","13",100,81.73,1.63
"1553","Romania","14",100,81.77,1.57
"1554","Romania","15",100,81.81,1.52
"1555","Romania","16",100,81.81,1.48
"1556","Romania","17",100,81.81,1.45
"1557","Romania","18",100,81.81,1.45
"1558","Russian Federation","10",96,87.13,2.17
"1559","Russian Federation","11",96.07,87.46,2.06
"1560","Russian Federation","12",96.15,87.79,1.96
"1561","Russian Federation","13",96.22,88.12,1.88
"1562","Russian Federation","14",96.3,88.46,1.81
"1563","Russian Federation","15",96.38,88.79,1.76
"1564","Russian Federation","16",96.38,88.79,1.71
"1565","Russian Federation","17",96.38,88.79,1.67
"1566","Russian Federation","18",96.38,88.79,1.67
"1567","Rwanda","10",53.48,57.01,25.1
"1568","Rwanda","11",54.13,58.14,22.77
"1569","Rwanda","12",54.78,59.23,20.88
"1570","Rwanda","13",55.43,60.3,19.31
"1571","Rwanda","14",56.07,61.34,17.99
"1572","Rwanda","15",56.71,62.35,16.87
"1573","Rwanda","16",56.71,62.35,15.92
"1574","Rwanda","17",56.71,62.35,15.14
"1575","Rwanda","18",56.71,62.35,15.14
"1576","Saint Helena","10",98.7,99.33,2.7
"1577","Saint Helena","11",98.75,99.44,0.61
"1578","Saint Helena","12",98.8,99.55,0.67
"1579","Saint Helena","13",98.85,99.66,0.72
"1580","Saint Helena","14",98.9,99.78,0.69
"1581","Saint Helena","15",98.95,99.89,0.74
"1582","Saint Helena","16",98.95,99.89,0.74
"1583","Saint Helena","17",98.95,99.89,0.59
"1584","Saint Helena","18",98.95,99.89,0.65
"1585","Saint Kitts and Nevis","10",98.97,91.61,6
"1586","Saint Kitts and Nevis","11",98.97,91.61,5.97
"1587","Saint Kitts and Nevis","12",98.97,91.61,6
"1588","Saint Kitts and Nevis","13",98.97,91.61,5.97
"1589","Saint Kitts and Nevis","14",98.97,91.61,1.64
"1590","Saint Kitts and Nevis","15",98.97,91.61,6
"1591","Saint Kitts and Nevis","16",98.97,91.61,5.97
"1592","Saint Kitts and Nevis","17",98.97,91.61,5.97
"1593","Saint Kitts and Nevis","18",98.97,91.61,1.64
"1594","Saint Lucia","10",94.96,87.37,4.05
"1595","Saint Lucia","11",95.84,88.54,3.98
"1596","Saint Lucia","12",96.64,89.72,3.91
"1597","Saint Lucia","13",97.43,90.73,3.83
"1598","Saint Lucia","14",98.16,90.91,3.74
"1599","Saint Lucia","15",98.16,90.91,3.64
"1600","Saint Lucia","16",98.16,90.91,3.54
"1601","Saint Lucia","17",98.16,90.91,3.43
"1602","Saint Lucia","18",98.16,90.91,3.43
"1603","Saint Pierre and Miquelon","10",91.4,99.34,1.16
"1604","Saint Pierre and Miquelon","11",91.4,99.34,1.21
"1605","Saint Pierre and Miquelon","12",91.4,99.34,3.76
"1606","Saint Pierre and Miquelon","13",91.4,99.34,1.16
"1607","Saint Pierre and Miquelon","14",91.4,99.34,1.09
"1608","Saint Pierre and Miquelon","15",91.4,99.34,1.21
"1609","Saint Pierre and Miquelon","16",91.4,99.34,1.16
"1610","Saint Pierre and Miquelon","17",91.4,99.34,1.09
"1611","Saint Pierre and Miquelon","18",91.4,99.34,9.58
"1612","Samoa","10",94.69,97.55,3.74
"1613","Samoa","11",94.95,97.36,3.6
"1614","Samoa","12",95.21,97.18,3.47
"1615","Samoa","13",95.43,96.99,3.37
"1616","Samoa","14",95.49,96.81,3.28
"1617","Samoa","15",95.51,96.62,3.2
"1618","Samoa","16",95.51,96.62,3.13
"1619","Samoa","17",95.51,96.62,3.07
"1620","Samoa","18",95.51,96.62,3.07
"1621","San Marino","10",100,100,0.56
"1622","San Marino","11",100,100,0.5
"1623","San Marino","12",100,100,0.5
"1624","San Marino","13",100,100,0.71
"1625","San Marino","14",100,100,0.65
"1626","San Marino","15",100,100,0.56
"1627","San Marino","16",100,100,0.71
"1628","San Marino","17",100,100,0.65
"1629","San Marino","18",100,100,0.65
"1630","Sao Tome and Principe","10",75.6,33.62,20.9
"1631","Sao Tome and Principe","11",76.43,34.91,20.52
"1632","Sao Tome and Principe","12",77.25,36.21,20.2
"1633","Sao Tome and Principe","13",78.07,37.5,19.88
"1634","Sao Tome and Principe","14",78.89,38.8,19.55
"1635","Sao Tome and Principe","15",79.7,40.1,19.2
"1636","Sao Tome and Principe","16",79.7,40.1,18.83
"1637","Sao Tome and Principe","17",79.7,40.1,18.46
"1638","Sao Tome and Principe","18",79.7,40.1,18.46
"1639","Saudi Arabia","10",99.36,100,2.53
"1640","Saudi Arabia","11",99.67,100,2.45
"1641","Saudi Arabia","12",99.99,100,2.36
"1642","Saudi Arabia","13",99.99,100,2.28
"1643","Saudi Arabia","14",99.99,100,2.2
"1644","Saudi Arabia","15",99.99,100,2.13
"1645","Saudi Arabia","16",99.99,100,2.06
"1646","Saudi Arabia","17",99.99,100,2
"1647","Saudi Arabia","18",99.99,100,2
"1648","Senegal","10",70.7,44.99,19.02
"1649","Senegal","11",71.61,45.65,15.78
"1650","Senegal","12",72.51,46.32,13.23
"1651","Senegal","13",73.41,47,11.33
"1652","Senegal","14",74.3,47.68,10.02
"1653","Senegal","15",75.19,48.36,9.23
"1654","Senegal","16",75.19,48.36,8.81
"1655","Senegal","17",75.19,48.36,8.62
"1656","Senegal","18",75.19,48.36,8.62
"1657","Serbia","10",90.06,95.61,2.06
"1658","Serbia","11",90.04,95.41,1.97
"1659","Serbia","12",90.02,95.22,1.89
"1660","Serbia","13",90,95.02,1.82
"1661","Serbia","14",89.98,94.83,1.76
"1662","Serbia","15",91.18,94.64,1.7
"1663","Serbia","16",91.18,94.64,1.66
"1664","Serbia","17",91.18,94.64,1.62
"1665","Serbia","18",91.18,94.64,1.62
"1666","Seychelles","10",95.66,98.39,2.57
"1667","Seychelles","11",95.9,98.81,2.56
"1668","Seychelles","12",96.13,99.24,2.53
"1669","Seychelles","13",96.23,99.58,2.49
"1670","Seychelles","14",96.24,100,2.42
"1671","Seychelles","15",96.25,100,2.33
"1672","Seychelles","16",96.25,100,2.24
"1673","Seychelles","17",96.25,100,2.15
"1674","Seychelles","18",96.25,100,2.15
"1675","Sierra Leone","10",51.35,13.01,56.3
"1676","Sierra Leone","11",52.7,13.31,51.25
"1677","Sierra Leone","12",54.05,13.62,46.94
"1678","Sierra Leone","13",55.4,13.92,43.49
"1679","Sierra Leone","14",56.75,14.23,40.92
"1680","Sierra Leone","15",58.09,14.54,39.17
"1681","Sierra Leone","16",58.09,14.54,38.05
"1682","Sierra Leone","17",58.09,14.54,37.28
"1683","Sierra Leone","18",58.09,14.54,37.28
"1684","Singapore","10",100,100,0.54
"1685","Singapore","11",100,100,0.52
"1686","Singapore","12",100,100,0.51
"1687","Singapore","13",100,100,0.49
"1688","Singapore","14",100,100,0.48
"1689","Singapore","15",100,100,0.47
"1690","Singapore","16",100,100,0.46
"1691","Singapore","17",100,100,0.44
"1692","Singapore","18",100,100,0.44
"1693","Sint Maarten (Dutch part)","10",95.5,98.72,0.92
"1694","Sint Maarten (Dutch part)","11",95.5,98.72,0.92
"1695","Sint Maarten (Dutch part)","12",95.5,98.72,0.95
"1696","Sint Maarten (Dutch part)","13",95.5,98.72,0.95
"1697","Sint Maarten (Dutch part)","14",95.5,98.72,0.92
"1698","Sint Maarten (Dutch part)","15",95.5,98.72,0.89
"1699","Sint Maarten (Dutch part)","16",95.5,98.72,0.95
"1700","Sint Maarten (Dutch part)","17",95.5,98.72,0.92
"1701","Sint Maarten (Dutch part)","18",95.5,98.72,0.89
"1702","Slovakia","10",97.95,98.9,1.22
"1703","Slovakia","11",97.94,98.91,1.17
"1704","Slovakia","12",97.94,98.91,1.12
"1705","Slovakia","13",97.93,98.92,1.08
"1706","Slovakia","14",97.93,98.92,1.05
"1707","Slovakia","15",97.93,98.93,1.02
"1708","Slovakia","16",97.93,98.93,1
"1709","Slovakia","17",97.93,98.93,0.99
"1710","Slovakia","18",97.93,98.93,0.99
"1711","Slovenia","10",99.55,99.11,0.71
"1712","Slovenia","11",99.54,99.11,0.69
"1713","Slovenia","12",99.54,99.11,0.68
"1714","Slovenia","13",99.53,99.11,0.66
"1715","Slovenia","14",99.52,99.11,0.64
"1716","Slovenia","15",99.52,99.11,0.62
"1717","Slovenia","16",99.52,99.11,0.6
"1718","Slovenia","17",99.52,99.11,0.58
"1719","Slovenia","18",99.52,99.11,0.58
"1720","Solomon Islands","10",71.21,27.29,7.98
"1721","Solomon Islands","11",69.74,28.28,7.35
"1722","Solomon Islands","12",68.28,29.27,6.79
"1723","Solomon Islands","13",66.85,29.96,6.31
"1724","Solomon Islands","14",65.43,30.63,5.9
"1725","Solomon Islands","15",64.03,31.27,5.54
"1726","Solomon Islands","16",64.03,31.27,5.22
"1727","Solomon Islands","17",64.03,31.27,4.95
"1728","Solomon Islands","18",64.03,31.27,4.95
"1729","Somalia","10",33.36,18.51,59.49
"1730","Somalia","11",34.67,18.07,58.17
"1731","Somalia","12",35.99,17.61,56.84
"1732","Somalia","13",37.32,17.15,55.5
"1733","Somalia","14",38.66,16.68,54.13
"1734","Somalia","15",40,16.19,52.73
"1735","Somalia","16",40,16.19,51.29
"1736","Somalia","17",40,16.19,49.82
"1737","Somalia","18",40,16.19,49.82
"1738","South Africa","10",82.33,68.89,15.37
"1739","South Africa","11",82.82,69.77,13.68
"1740","South Africa","12",83.31,70.63,12.08
"1741","South Africa","13",83.78,71.48,10.67
"1742","South Africa","14",84.24,72.31,9.52
"1743","South Africa","15",84.7,73.13,8.65
"1744","South Africa","16",84.7,73.13,8.04
"1745","South Africa","17",84.7,73.13,7.61
"1746","South Africa","18",84.7,73.13,7.61
"1747","South Sudan","10",65.63,7.9,52.89
"1748","South Sudan","11",42.75,7.01,50.98
"1749","South Sudan","12",44.66,7.83,49.18
"1750","South Sudan","13",46.58,8.66,47.5
"1751","South Sudan","14",48.49,9.5,45.91
"1752","South Sudan","15",50.41,10.35,44.41
"1753","South Sudan","16",50.41,10.35,42.98
"1754","South Sudan","17",50.41,10.35,41.61
"1755","South Sudan","18",50.41,10.35,41.61
"1756","Spain","10",100,99.9,0.67
"1757","Spain","11",100,99.9,0.64
"1758","Spain","12",100,99.9,0.62
"1759","Spain","13",99.97,99.9,0.59
"1760","Spain","14",99.94,99.9,0.57
"1761","Spain","15",99.94,99.9,0.54
"1762","Spain","16",99.94,99.9,0.52
"1763","Spain","17",99.94,99.9,0.5
"1764","Spain","18",99.94,99.9,0.5
"1765","Sri Lanka","10",87.35,91.75,1.41
"1766","Sri Lanka","11",88.34,92.38,1.36
"1767","Sri Lanka","12",89.33,93.02,1.34
"1768","Sri Lanka","13",90.33,93.66,1.32
"1769","Sri Lanka","14",91.32,94.18,1.3
"1770","Sri Lanka","15",92.31,94.21,1.27
"1771","Sri Lanka","16",92.31,94.21,1.23
"1772","Sri Lanka","17",92.31,94.21,1.19
"1773","Sri Lanka","18",92.31,94.21,1.19
"1774","St. Vincent and the Grenadines","10",94.58,82.51,4.67
"1775","St. Vincent and the Grenadines","11",94.72,83.68,4.57
"1776","St. Vincent and the Grenadines","12",94.86,84.85,4.48
"1777","St. Vincent and the Grenadines","13",95,86.02,4.4
"1778","St. Vincent and the Grenadines","14",95.15,87.18,4.32
"1779","St. Vincent and the Grenadines","15",95.15,87.18,4.25
"1780","St. Vincent and the Grenadines","16",95.15,87.18,4.18
"1781","St. Vincent and the Grenadines","17",95.15,87.18,4.11
"1782","St. Vincent and the Grenadines","18",95.15,87.18,4.11
"1783","Sudan","10",51.87,28.33,29.12
"1784","Sudan","11",53.27,29.57,28.09
"1785","Sudan","12",54.68,30.81,27.17
"1786","Sudan","13",56.1,32.06,26.37
"1787","Sudan","14",57.51,33.32,25.68
"1788","Sudan","15",58.93,34.59,25.07
"1789","Sudan","16",58.93,34.59,24.52
"1790","Sudan","17",58.93,34.59,24
"1791","Sudan","18",58.93,34.59,24
"1792","Suriname","10",93.73,79.57,6.74
"1793","Suriname","11",94.21,79.42,6.45
"1794","Suriname","12",94.7,79.26,6.18
"1795","Suriname","13",94.69,79.25,5.94
"1796","Suriname","14",94.69,79.23,5.73
"1797","Suriname","15",94.68,79.22,5.57
"1798","Suriname","16",94.68,79.22,5.43
"1799","Suriname","17",94.68,79.22,5.31
"1800","Suriname","18",94.68,79.22,5.31
"1801","Swaziland","10",62.33,55.05,26.46
"1802","Swaziland","11",63.38,55.64,24.13
"1803","Swaziland","12",64.43,56.24,21.79
"1804","Swaziland","13",65.49,56.83,19.55
"1805","Swaziland","14",66.56,57.43,17.49
"1806","Swaziland","15",67.63,58.03,15.7
"1807","Swaziland","16",67.63,58.03,14.22
"1808","Swaziland","17",67.63,58.03,13
"1809","Swaziland","18",67.63,58.03,13
"1810","Sweden","10",100,99.31,0.59
"1811","Sweden","11",100,99.31,0.55
"1812","Sweden","12",100,99.31,0.52
"1813","Sweden","13",100,99.31,0.48
"1814","Sweden","14",100,99.31,0.46
"1815","Sweden","15",100,99.3,0.44
"1816","Sweden","16",100,99.3,0.42
"1817","Sweden","17",100,99.3,0.41
"1818","Sweden","18",100,99.3,0.41
"1819","Switzerland","10",100,99.89,0.56
"1820","Switzerland","11",100,99.89,0.53
"1821","Switzerland","12",100,99.89,0.51
"1822","Switzerland","13",100,99.89,0.49
"1823","Switzerland","14",100,99.89,0.47
"1824","Switzerland","15",100,99.89,0.46
"1825","Switzerland","16",100,99.89,0.44
"1826","Switzerland","17",100,99.89,0.42
"1827","Switzerland","18",100,99.89,0.42
"1828","Syrian Arab Republic","10",96.42,92.89,2.61
"1829","Syrian Arab Republic","11",96.55,92.88,2.68
"1830","Syrian Arab Republic","12",96.69,92.87,2.74
"1831","Syrian Arab Republic","13",96.71,92.89,2.75
"1832","Syrian Arab Republic","14",96.73,92.92,2.72
"1833","Syrian Arab Republic","15",96.74,92.95,2.63
"1834","Syrian Arab Republic","16",96.74,92.95,2.51
"1835","Syrian Arab Republic","17",96.74,92.95,2.38
"1836","Syrian Arab Republic","18",96.74,92.95,2.38
"1837","Taiwan","10",99.99,97.63,1.19
"1838","Taiwan","11",100,99.96,1.14
"1839","Taiwan","12",96.75,77.89,1.09
"1840","Taiwan","13",99.63,98.47,1.05
"1841","Taiwan","14",97.11,65.6,1.02
"1842","Taiwan","15",99.97,97.81,0.99
"1843","Taiwan","16",99.62,98.98,0.96
"1844","Taiwan","17",93.92,88.29,0.95
"1845","Taiwan","18",99.88,96.3,0.95
"1846","Tajikistan","10",69.25,93.89,11.98
"1847","Tajikistan","11",70.46,94.29,11.21
"1848","Tajikistan","12",71.68,94.69,10.6
"1849","Tajikistan","13",72.9,95.09,10.11
"1850","Tajikistan","14",74.12,95.49,9.73
"1851","Tajikistan","15",74.14,95.49,9.44
"1852","Tajikistan","16",74.14,95.49,9.21
"1853","Tajikistan","17",74.14,95.49,9.02
"1854","Tajikistan","18",74.14,95.49,9.02
"1855","Thailand","10",97.11,95,1.99
"1856","Thailand","11",97.36,95.01,1.92
"1857","Thailand","12",97.59,95.01,1.85
"1858","Thailand","13",97.81,95.01,1.78
"1859","Thailand","14",98.03,95.01,1.73
"1860","Thailand","15",98.23,95.01,1.67
"1861","Thailand","16",98.23,95.01,1.62
"1862","Thailand","17",98.23,95.01,1.57
"1863","Thailand","18",98.23,95.01,1.57
"1864","The former Yugoslav Rep. of Macedonia","10",96.66,90.83,1.21
"1865","The former Yugoslav Rep. of Macedonia","11",96.67,91.01,1.16
"1866","The former Yugoslav Rep. of Macedonia","12",96.68,91,1.09
"1867","The former Yugoslav Rep. of Macedonia","13",96.78,90.89,1.04
"1868","The former Yugoslav Rep. of Macedonia","14",96.78,90.9,1.01
"1869","The former Yugoslav Rep. of Macedonia","15",96.77,90.91,0.99
"1870","The former Yugoslav Rep. of Macedonia","16",96.77,90.91,0.98
"1871","The former Yugoslav Rep. of Macedonia","17",96.77,90.91,0.98
"1872","The former Yugoslav Rep. of Macedonia","18",96.77,90.91,0.98
"1873","Togo","10",57.02,12.89,32.93
"1874","Togo","11",58.18,13.09,31.71
"1875","Togo","12",59.34,13.3,30.72
"1876","Togo","13",60.5,13.51,29.87
"1877","Togo","14",61.66,13.73,29.12
"1878","Togo","15",62.82,13.95,28.44
"1879","Togo","16",62.82,13.95,27.81
"1880","Togo","17",62.82,13.95,27.23
"1881","Togo","18",62.82,13.95,27.23
"1882","Tokelau","10",99.06,85.79,1.26
"1883","Tokelau","11",99.16,87.24,9.58
"1884","Tokelau","12",99.25,88.7,6.75
"1885","Tokelau","13",99.34,90.16,4.44
"1886","Tokelau","14",99.44,91.61,3.13
"1887","Tokelau","15",99.53,93.07,1.78
"1888","Tokelau","16",99.53,93.07,1.78
"1889","Tokelau","17",99.53,93.07,6
"1890","Tokelau","18",99.53,93.07,1.73
"1891","Tonga","10",99.34,91.58,4.2
"1892","Tonga","11",99.48,92.05,4.12
"1893","Tonga","12",99.62,92.53,4.04
"1894","Tonga","13",99.76,93,3.97
"1895","Tonga","14",99.91,93.46,3.89
"1896","Tonga","15",99.91,93.47,3.81
"1897","Tonga","16",99.91,93.47,3.74
"1898","Tonga","17",99.91,93.47,3.66
"1899","Tonga","18",99.91,93.47,3.66
"1900","Trinidad and Tobago","10",96.48,92,6.75
"1901","Trinidad and Tobago","11",96.94,92.15,6.58
"1902","Trinidad and Tobago","12",96.94,92.15,6.43
"1903","Trinidad and Tobago","13",96.94,92.15,6.28
"1904","Trinidad and Tobago","14",96.94,92.15,6.14
"1905","Trinidad and Tobago","15",96.94,92.15,6.01
"1906","Trinidad and Tobago","16",96.94,92.15,5.89
"1907","Trinidad and Tobago","17",96.94,92.15,5.77
"1908","Trinidad and Tobago","18",96.94,92.15,5.77
"1909","Tunisia","10",92.32,89.28,1.62
"1910","Tunisia","11",92.74,90.1,1.62
"1911","Tunisia","12",93.17,90.92,1.63
"1912","Tunisia","13",93.59,91.74,1.63
"1913","Tunisia","14",93.91,92.5,1.63
"1914","Tunisia","15",94.23,93.13,1.61
"1915","Tunisia","16",94.23,93.13,1.58
"1916","Tunisia","17",94.23,93.13,1.55
"1917","Tunisia","18",94.23,93.13,1.55
"1918","Turkey","10",97.91,92.04,6.27
"1919","Turkey","11",98.13,93.03,6.13
"1920","Turkey","12",98.34,94.01,6
"1921","Turkey","13",98.54,94.98,5.85
"1922","Turkey","14",98.73,95.94,5.68
"1923","Turkey","15",98.9,96.37,5.47
"1924","Turkey","16",98.9,96.37,5.24
"1925","Turkey","17",98.9,96.37,4.99
"1926","Turkey","18",98.9,96.37,4.99
"1927","Turkmenistan","10",91.16,96.14,10.39
"1928","Turkmenistan","11",91.84,96.23,9.95
"1929","Turkmenistan","12",92.52,96.32,9.58
"1930","Turkmenistan","13",93.18,96.4,9.27
"1931","Turkmenistan","14",93.83,96.49,9.02
"1932","Turkmenistan","15",94.45,96.57,8.82
"1933","Turkmenistan","16",94.45,96.57,8.65
"1934","Turkmenistan","17",94.45,96.57,8.51
"1935","Turkmenistan","18",94.45,96.57,8.51
"1936","Turks and Caicos Islands","10",92.08,85.96,1.77
"1937","Turks and Caicos Islands","11",92.64,86.47,2.78
"1938","Turks and Caicos Islands","12",93.2,86.98,3.43
"1939","Turks and Caicos Islands","13",93.76,87.48,1.49
"1940","Turks and Caicos Islands","14",94.32,87.99,7.61
"1941","Turks and Caicos Islands","15",94.32,87.99,7.73
"1942","Turks and Caicos Islands","16",94.32,87.99,7.73
"1943","Turks and Caicos Islands","17",94.32,87.99,7.61
"1944","Turks and Caicos Islands","18",94.32,87.99,1.7
"1945","Tuvalu","10",98.66,90.06,5.77
"1946","Tuvalu","11",98.81,90.62,2.51
"1947","Tuvalu","12",98.95,91.15,6.27
"1948","Tuvalu","13",99.1,91.59,2.3
"1949","Tuvalu","14",99.25,91.4,2.3
"1950","Tuvalu","15",99.26,91.41,1.27
"1951","Tuvalu","16",99.26,91.41,2.3
"1952","Tuvalu","17",99.26,91.41,0.53
"1953","Tuvalu","18",99.26,91.41,2.3
"1954","Uganda","10",35.9,17.92,35.8
"1955","Uganda","11",36.5,18.17,34.8
"1956","Uganda","12",37.11,18.41,33.87
"1957","Uganda","13",37.71,18.66,33
"1958","Uganda","14",38.32,18.91,32.15
"1959","Uganda","15",38.92,19.15,31.31
"1960","Uganda","16",38.92,19.15,30.44
"1961","Uganda","17",38.92,19.15,29.56
"1962","Uganda","18",38.92,19.15,29.56
"1963","Ukraine","10",96.94,95.57,2.03
"1964","Ukraine","11",97.07,95.66,1.87
"1965","Ukraine","12",97.19,95.75,1.73
"1966","Ukraine","13",97.5,95.84,1.62
"1967","Ukraine","14",97.62,95.93,1.53
"1968","Ukraine","15",97.73,95.94,1.46
"1969","Ukraine","16",97.73,95.94,1.42
"1970","Ukraine","17",97.73,95.94,1.38
"1971","Ukraine","18",97.73,95.94,1.38
"1972","United Arab Emirates","10",99.64,99.98,1.07
"1973","United Arab Emirates","11",99.64,99.98,1.04
"1974","United Arab Emirates","12",99.63,99.98,1.01
"1975","United Arab Emirates","13",99.63,99.98,0.98
"1976","United Arab Emirates","14",99.63,99.98,0.95
"1977","United Arab Emirates","15",99.63,99.98,0.92
"1978","United Arab Emirates","16",99.63,99.98,0.9
"1979","United Arab Emirates","17",99.63,99.98,0.87
"1980","United Arab Emirates","18",99.63,99.98,0.87
"1981","United Kingdom","10",100,99.12,0.72
"1982","United Kingdom","11",100,99.12,0.71
"1983","United Kingdom","12",100,99.12,0.71
"1984","United Kingdom","13",100,99.11,0.74
"1985","United Kingdom","14",100,99.11,0.78
"1986","United Kingdom","15",100,99.11,0.83
"1987","United Kingdom","16",100,99.11,0.88
"1988","United Kingdom","17",100,99.11,0.93
"1989","United Kingdom","18",100,99.11,0.93
"1990","United Rep. of Tanzania","10",43.91,17.52,22.81
"1991","United Rep. of Tanzania","11",45.16,18.69,21.64
"1992","United Rep. of Tanzania","12",46.41,19.88,20.57
"1993","United Rep. of Tanzania","13",47.66,21.09,19.6
"1994","United Rep. of Tanzania","14",48.9,22.3,18.69
"1995","United Rep. of Tanzania","15",50.15,23.53,17.85
"1996","United Rep. of Tanzania","16",50.15,23.53,17.07
"1997","United Rep. of Tanzania","17",50.15,23.53,16.35
"1998","United Rep. of Tanzania","18",50.15,23.53,16.35
"1999","United States Virgin Islands","10",100,97.4,1.57
"2000","United States Virgin Islands","11",100,97.5,1.53
"2001","United States Virgin Islands","12",100,97.6,1.5
"2002","United States Virgin Islands","13",100,97.6,1.46
"2003","United States Virgin Islands","14",100,97.6,1.43
"2004","United States Virgin Islands","15",100,97.6,1.41
"2005","United States Virgin Islands","16",100,97.6,1.38
"2006","United States Virgin Islands","17",100,97.6,1.35
"2007","United States Virgin Islands","18",100,97.6,1.35
"2008","United States","10",99.17,99.97,1.09
"2009","United States","11",99.18,99.97,1.06
"2010","United States","12",99.18,99.97,1.04
"2011","United States","13",99.19,99.97,1.01
"2012","United States","14",99.2,99.97,0.98
"2013","United States","15",99.2,99.97,0.96
"2014","United States","16",99.2,99.97,0.93
"2015","United States","17",99.2,99.97,0.9
"2016","United States","18",99.2,99.97,0.9
"2017","Uruguay","10",98.37,95.08,2.46
"2018","Uruguay","11",98.56,95.2,2.42
"2019","Uruguay","12",98.75,95.32,2.39
"2020","Uruguay","13",98.92,95.44,2.35
"2021","Uruguay","14",99.09,95.56,2.31
"2022","Uruguay","15",99.25,95.67,2.26
"2023","Uruguay","16",99.25,95.67,2.21
"2024","Uruguay","17",99.25,95.67,2.15
"2025","Uruguay","18",99.25,95.67,2.15
"2026","Uzbekistan","10",91.46,100,6.13
"2027","Uzbekistan","11",91.46,100,5.72
"2028","Uzbekistan","12",91.46,100,5.37
"2029","Uzbekistan","13",91.46,100,5.09
"2030","Uzbekistan","14",91.46,100,4.89
"2031","Uzbekistan","15",91.46,100,4.75
"2032","Uzbekistan","16",91.46,100,4.66
"2033","Uzbekistan","17",91.46,100,4.59
"2034","Uzbekistan","18",91.46,100,4.59
"2035","Vanuatu","10",86.62,53.3,5.36
"2036","Vanuatu","11",87.41,53.34,5.11
"2037","Vanuatu","12",88.2,53.37,4.88
"2038","Vanuatu","13",88.99,53.4,4.67
"2039","Vanuatu","14",89.77,53.43,4.48
"2040","Vanuatu","15",90.5,53.47,4.3
"2041","Vanuatu","16",90.5,53.47,4.14
"2042","Vanuatu","17",90.5,53.47,3.99
"2043","Vanuatu","18",90.5,53.47,3.99
"2044","Venezuela","10",97.11,93.2,2.38
"2045","Venezuela","11",97.21,93.77,2.3
"2046","Venezuela","12",97.31,94.35,2.22
"2047","Venezuela","13",97.41,94.91,2.16
"2048","Venezuela","14",97.41,94.92,2.1
"2049","Venezuela","15",97.42,94.93,2.04
"2050","Venezuela","16",97.42,94.93,1.99
"2051","Venezuela","17",97.42,94.93,1.94
"2052","Venezuela","18",97.42,94.93,1.94
"2053","Viet Nam","10",86.58,70.31,5.45
"2054","Viet Nam","11",87.42,71.93,5.27
"2055","Viet Nam","12",88.25,73.53,5.11
"2056","Viet Nam","13",89.06,75.12,4.95
"2057","Viet Nam","14",89.87,76.68,4.81
"2058","Viet Nam","15",91.19,78.24,4.68
"2059","Viet Nam","16",91.19,78.24,4.55
"2060","Viet Nam","17",91.19,78.24,4.43
"2061","Viet Nam","18",91.19,78.24,4.43
"2062","Wallis and Futuna Islands","10",99.6,96.67,1.15
"2063","Wallis and Futuna Islands","11",99.59,97.16,1.05
"2064","Wallis and Futuna Islands","12",99.58,97.65,0.85
"2065","Wallis and Futuna Islands","13",99.58,98.14,0.59
"2066","Wallis and Futuna Islands","14",99.57,98.63,1.55
"2067","Wallis and Futuna Islands","15",99.56,99.12,0.49
"2068","Wallis and Futuna Islands","16",99.56,99.12,0.52
"2069","Wallis and Futuna Islands","17",99.56,99.12,0.57
"2070","Wallis and Futuna Islands","18",99.56,99.12,0.61
"2071","Western Sahara","10",84.7,40.93,9.73
"2072","Western Sahara","11",89.32,56.27,9
"2073","Western Sahara","12",99.87,93.51,8.35
"2074","Western Sahara","13",65.28,31.27,7.79
"2075","Western Sahara","14",87.24,44.39,7.31
"2076","Western Sahara","15",98.13,90.52,6.89
"2077","Western Sahara","16",97.17,98.5,6.53
"2078","Western Sahara","17",96.94,92.15,6.21
"2079","Western Sahara","18",64.44,59.68,6.21
"2080","Yemen","10",60.37,52.98,17.35
"2081","Yemen","11",62.42,54.34,16.62
"2082","Yemen","12",64.44,55.69,16.03
"2083","Yemen","13",66.43,57.03,15.54
"2084","Yemen","14",68.41,58.36,15.13
"2085","Yemen","15",70.36,59.68,14.76
"2086","Yemen","16",70.36,59.68,14.43
"2087","Yemen","17",70.36,59.68,14.13
"2088","Yemen","18",70.36,59.68,14.13
"2089","Zambia","10",57.11,29.46,31.77
"2090","Zambia","11",57.94,29.8,30.13
"2091","Zambia","12",58.77,30.13,28.57
"2092","Zambia","13",59.59,30.46,27.1
"2093","Zambia","14",60.41,30.79,25.72
"2094","Zambia","15",61.23,31.11,24.42
"2095","Zambia","16",61.23,31.11,23.21
"2096","Zambia","17",61.23,31.11,22.08
"2097","Zambia","18",61.23,31.11,22.08
"2098","Zimbabwe","10",68.07,39.79,25.63
"2099","Zimbabwe","11",67.76,39.55,24.11
"2100","Zimbabwe","12",67.45,39.31,22.7
"2101","Zimbabwe","13",67.15,39.06,21.42
"2102","Zimbabwe","14",66.85,38.82,20.3
"2103","Zimbabwe","15",66.56,38.59,19.34
"2104","Zimbabwe","16",66.56,38.59,18.54
"2105","Zimbabwe","17",66.56,38.59,17.83
"2106","Zimbabwe","18",66.56,38.59,17.83
